"2024-09-23 00:00:00","","-1","-1"
"백종원&amp;셰프가 평가하는 급식 아주머니 요리 ㄷㄷ.. #흑백요리사","넷플릭스 #요리 #백종원 #흑백요리사 제목은 '흑백요리사'입니다. 넷플릭스에서 시청 가능합니다. 넷플릭스 바로가기 ...","1123577","31732"
"늙는다는건 무섭다는 운계 짝사랑남","안녕, 프란체스카 시즌3.","123477","2785"
"두꺼비가 나타났다","진돗개 #황구 #시골생활 * Track : Confusing Road Music by 브금대통령 Music provided by 브금대통령 Watch ...","51379","4648"
"진짜 다~말해 드려요?","안유진 #레이 #런닝맨 #아이브.","36183","913"
"원희룡의원이 두문불출하는 이유 용군TV 덕천암 석정 #shorts #점집 #무당 #서울점집 #부산점집 #원희룡 #정치 #두문불출 #이유 #현안 #관심 #상황 #이슈 #소식 #전망","용군TV덕천암 #용군TV #강남점집 본 채널의 모든 영상은 저작권법에 의해 보호받으며 무단으로 재사용, 배포, 업로드 시 저작권법에 ...","17866","1496"
"세상에 없는 음식이거든요 #흑백요리사 #안성재 #안성재셰프 #백종원 #미슐랭3스타 #셀럽의셰프","풀버전은 https://netflix.com.","9947","115"
"아들이 2000억 계약을 하면..","신동엽 #이종범 #야구 #기아 #썰 #쇼츠 #예능 #웹예능 #술먹방 #연예인 #연예인술먹방 #shorts #비하인드.","14494","91"
"남편이 자다가 갑자기 깬 이유는?","자다가 악몽을 꾸고 무기력한 남편, 과연 어떤 이유일까요?","4884","36"
"이누이트 족이 사냥한 북극고래 고기 무슨 맛일까","EBS다큐의 영상을 빠르게 보아요! → https://www.youtube.com/@EBSDocumentary ✔️EBS의 영상을 더 보고싶다면?","4305","46"
"카메라 켰다가 다들 &#39;깜짝&#39; #Shorts (MBC뉴스)","ㅤ #MBC #뉴스 #뉴스데스크 #MBC뉴스 #뉴스투데이 ㅤ c MBC & iMBC 무단 전재, 재배포 및 이용(AI학습 포함)금지.","6214","334"
"바람이 분다(가을이 왔지만 영상은 핫하다)[밈PD|VLOG] mlog 리얼한 미현이의 세상_76  #mimpd #mlog #shorts","mimpd #mlog #shorts.","12164","0"
"백종원&amp;셰프가 평가하는 급식 아주머니 요리 ㄷㄷ.. #흑백요리사","넷플릭스 #요리 #백종원 #흑백요리사 제목은 '흑백요리사'입니다. 넷플릭스에서 시청 가능합니다. 넷플릭스 바로가기 ...","1123581","31758"
"늙는다는건 무섭다는 운계 짝사랑남","안녕, 프란체스카 시즌3.","124003","2794"
"장구 배우고 싶은 황민호에게 박서진이 가르쳐 준 것 #박서진 #황민호 #박서진예능 #shorts","","62871","2401"
"아우 참~ 애들 눈은 못 속인다니까 #shorts #지옥에서온판사","지옥에서온판사 #박신혜 #김재영 #김인권 #김아영 #편집자_인자기 SBS 금토드라마 '지옥에서 온 판사(TheJudgefromhell)' ☞ 금, ...","45833","620"
"구설수가 끊이지 않는 방송","생방송 : https://chzzk.naver.com/live/da31fe9ebc06add9bd66ac1bcc1c2f23 ♥인스타그램 : @bbo9_me ♥틱톡 : @bbo9_me ...","20459","883"
"홍진경이 말하는 우습게 보이지 않는 비결#shorts","임영웅 #황영웅 #불타는트롯맨 #미스터트롯 #이부진 #이재용 #사건사고 #장윤정 #도경완 #장민호 #홍진경.","10319","140"
"이 조합으로 적을 쓸었는데    마지막에 이런 반전이!","재밌게 보셨다면 구독과 좋아요 부탁드려요!! #배틀그라운드 #배그 #카배 #게임 #스배 #경쟁전 #배린이 #pubg.","7030","18"
"카진남이 몰래 쓰고있는 차량용품 전체공개!","핸들커버 https://link.coupang.com/a/bR3IZo ⠀ 핸드폰 거치대 https://link.coupang.com/a/bR3Jvn ⠀ 세차타월 ...","4883","44"
"💥어떤 나라가 탄소를 가장 많이 누적 시켰을까? #지식 #과학 #기후변화","Copyright c KBS. All rights reserved. 무단 전재, 재배포 및 이용(AI 학습 포함) 금지 ...","5157","89"
"카메라 켰다가 다들 &#39;깜짝&#39; #Shorts (MBC뉴스)","ㅤ #MBC #뉴스 #뉴스데스크 #MBC뉴스 #뉴스투데이 ㅤ c MBC & iMBC 무단 전재, 재배포 및 이용(AI학습 포함)금지.","6214","334"
"태국에서 소정이가 추는 마라탕후루 #춤추는소정 #춤추는곰돌 #춤추는곰돌의랜덤댄스 #마라탕후루 #쇼츠 #댄스 ##챌린지 #dance #shorts #challenge #afstarz","","2275","182"
"백종원&amp;셰프가 평가하는 급식 아주머니 요리 ㄷㄷ.. #흑백요리사","넷플릭스 #요리 #백종원 #흑백요리사 제목은 '흑백요리사'입니다. 넷플릭스에서 시청 가능합니다. 넷플릭스 바로가기 ...","1123581","31781"
"귀여운 척 오지는 친구가 슬라임이 되고싶어 한 이유..ㄷㄷ🤮 이세계 슬라임 가게 슬라임 만드는 방법💞","여러분     저 얼만큼 좋아vvv하나요!!?? 전 여러분들을 말로 표현 할 수 없을 정도로 사.랑. 한답니다❤️ 옌린이 음원이 나왔어요!","94231","5453"
"장구 배우고 싶은 황민호에게 박서진이 가르쳐 준 것 #박서진 #황민호 #박서진예능 #shorts","","62975","2402"
"한 번 잘못했다가 일주일 동안 삐진 고양이 티티","고양이 #크집사 #티티 #장군이 #닭고기 #삐짐 크집사 채널의 수익은 강아지/고양이 신장병 연구에 사용됩니다. * 닥터토루 프로토콜 ...","35521","2832"
"박서진과 홍지윤이 함께 사우나에 갔어요! 박서진의 행동은 정말 로맨틱해요!😍😍  #박서진 #홍지윤","","17484","654"
"홍진경이 말하는 우습게 보이지 않는 비결#shorts","임영웅 #황영웅 #불타는트롯맨 #미스터트롯 #이부진 #이재용 #사건사고 #장윤정 #도경완 #장민호 #홍진경.","10322","140"
"아들이 2000억 계약을 하면..","신동엽 #이종범 #야구 #기아 #썰 #쇼츠 #예능 #웹예능 #술먹방 #연예인 #연예인술먹방 #shorts #비하인드.","14532","91"
"3천억을 받던 선수가 감옥에 가는 사연은? 🌧😨","","4524","21"
"💥어떤 나라가 탄소를 가장 많이 누적 시켰을까? #지식 #과학 #기후변화","Copyright c KBS. All rights reserved. 무단 전재, 재배포 및 이용(AI 학습 포함) 금지 ...","5163","90"
"카메라 켰다가 다들 &#39;깜짝&#39; #Shorts (MBC뉴스)","ㅤ #MBC #뉴스 #뉴스데스크 #MBC뉴스 #뉴스투데이 ㅤ c MBC & iMBC 무단 전재, 재배포 및 이용(AI학습 포함)금지.","6214","334"
