"Title","Description"
"LG ThinQ  :  ìš°ë¦¬ ì§‘ ê°€ì „ ThinQë¡œ ì œëŒ€ë¡œ ì“°ëŠ” ë²• &quot;ëª¨ë“œ&quot; í¸","ìš°ë¦¬ ì§‘ ê°€ì „ ThinQë¡œ ì œëŒ€ë¡œ ì“°ëŠ” ë²• 1. ì›í•˜ëŠ” ëª¨ë“œ ì„ íƒ 2. ì„ íƒëœ ëª¨ë“œë¥¼ ì‹¤í–‰ 3. í•œ ë²ˆì— ì•Œì•„ì„œ ë™ì‘ ë‚˜ë§Œ ëª°ëì–´? ì§€ê¸ˆ ThinQ ì•±ì„ ..."
"LG ThinQ : ìš°ë¦¬ì§‘ ê°€ì „ ThinQë¡œ ì œëŒ€ë¡œ ì“°ëŠ” ë²• &quot;ìƒí™œì—°êµ¬ì†Œ&quot; í¸","ìš°ë¦¬ ì§‘ ê°€ì „ ThinQë¡œ ì œëŒ€ë¡œ ì“°ëŠ” ë²• 1. ThinQì—ë§Œ ìˆëŠ” ì „ë¬¸ê°€ì˜ ì†”ë£¨ì…˜ í™•ì¸ 2. ì¶”ì²œë°›ì€ ì½”ìŠ¤ í´ë¦­ 3. ì„¸íƒê¸°ì— ì „ì†¡ ë‚˜ë§Œ ëª°ëì–´?"
"Race to World First: Nerub-ar Palace | MYTHIC DAY 1","Social Links Follow Us! â–» https://linktr.ee/echoguild Our Amazing Sponsors â–» Corsair | https://echogg.ly/corsair â–» Displate ..."
"LG ThinQ : ìš°ë¦¬ì§‘ ê°€ì „ ThinQë¡œ ì œëŒ€ë¡œ ì“°ëŠ” ë²• &quot;ì¸ê³µì§€ëŠ¥ ì¿¡&quot; í¸","ìš°ë¦¬ ì§‘ ê°€ì „ ThinQë¡œ ì œëŒ€ë¡œ ì“°ëŠ” ë²• 1. ë°”ì½”ë“œ ìŠ¤ìº” 2. ì¡°ë¦¬ ì •ë³´ë¥¼ ì˜¤ë¸ì— ì „ì†¡ 3. ì†ì‰½ê²Œ ë§›ìˆëŠ” ìŒì‹ ì™„ì„± ë‚˜ë§Œ ëª°ëì–´? ì§€ê¸ˆ ThinQ ..."
"ë§ˆìŒì— ìœ„ë¡œì™€ í‰ì•ˆì„ ì£¼ëŠ” ì°¬ì–‘ ëª¨ìŒ / CCM í”¼ì•„ë…¸ ì—°ì£¼ ëª¨ìŒ/ CCM Piano Instrumental","ë§ˆìŒì— ìœ„ë¡œì™€ í‰ì•ˆì„ ì£¼ëŠ” ì°¬ì–‘ ëª¨ìŒ / CCM í”¼ì•„ë…¸ ì—°ì£¼ ëª¨ìŒ/ CCM Piano Instrumental ë§ˆìŒì— ìœ„ë¡œì™€ í‰ì•ˆì„ ì£¼ëŠ” ì°¬ì–‘ ëª¨ìŒ / CCM ..."
"ğŸŒ•ğŸ·ğŸ°ğŸŒ• ğŸ‘ˆ ğŸº #StrayKids #ìŠ¤íŠ¸ë ˆì´í‚¤ì¦ˆ #ë°©ì°¬ #BangChan #ì°½ë¹ˆ #Changbin #YouMakeStrayKidsStay","StrayKids #ìŠ¤íŠ¸ë ˆì´í‚¤ì¦ˆ #ë°©ì°¬ #BangChan #ì°½ë¹ˆ #Changbin #YouMakeStrayKidsStay Listen to ""ATE"" now   ..."
"ğŸŒ•ğŸ¥ŸğŸŒ• ğŸ‘ˆ ğŸ¶ #StrayKids #ìŠ¤íŠ¸ë ˆì´í‚¤ì¦ˆ #í˜„ì§„ #Hyunjin #ìŠ¹ë¯¼ #Seungmin #YouMakeStrayKidsStay","StrayKids #ìŠ¤íŠ¸ë ˆì´í‚¤ì¦ˆ #í˜„ì§„ #Hyunjin #ìŠ¹ë¯¼ #Seungmin #YouMakeStrayKidsStay Listen to ""ATE"" now   ..."
"ğŸŒ•ğŸˆâ€â¬›ğŸŒ• ğŸ‘ˆ ğŸˆ #StrayKids #ìŠ¤íŠ¸ë ˆì´í‚¤ì¦ˆ #ë¦¬ë…¸ #LeeKnow #í•„ë¦­ìŠ¤ #Felix #YouMakeStrayKidsStay","StrayKids #ìŠ¤íŠ¸ë ˆì´í‚¤ì¦ˆ #ë¦¬ë…¸ #LeeKnow #í•„ë¦­ìŠ¤ #Felix #YouMakeStrayKidsStay Listen to ""ATE"" now   ..."
"ğŸŒ•ğŸ¿ï¸ğŸŒ• ğŸ‘ˆ ğŸ¦Š #StrayKids #ìŠ¤íŠ¸ë ˆì´í‚¤ì¦ˆ #í•œ #HAN #ì•„ì´ì—” #I_N #YouMakeStrayKidsStay","StrayKids #ìŠ¤íŠ¸ë ˆì´í‚¤ì¦ˆ #í•œ #HAN #ì•„ì´ì—” #I_N #YouMakeStrayKidsStay Listen to ""ATE"" now   https://Stray-Kids.lnk.to/ATE ..."
"[9í™” ì˜ˆê³  Full] ì‹ ë¯¼ì•„ë¥¼ ë‘ê³  ë– ë‚˜ì•¼ í•˜ëŠ” ê¹€ì˜ëŒ€?! ê³¼ì—° ê¹€ì˜ëŒ€ì˜ ì„ íƒì€..? #ì†í•´ë³´ê¸°ì‹«ì–´ì„œ EP.9","í‹°ë¹™ì—ì„œ ìŠ¤íŠ¸ë¦¬ë° : https://tving.onelink.me/xHqC/30a78d6f ì†í•´ ë³´ê¸° ì‹«ì–´ì„œ ê²°í˜¼ì‹ì„ ì˜¬ë¦° ì—¬ìì™€ í”¼í•´ì£¼ê¸° ì‹«ì–´ì„œ ê°€ì§œ ì‹ ë‘ì´ ëœ ..."
"[ìŠ¤í˜ì…œ í‹°ì €] 2022ë…„ SBS ìƒˆ ë“œë¼ë§ˆ &#39;ì™œ ì˜¤ìˆ˜ì¬ì¸ê°€&#39; ì„œí˜„ì§„Xí™©ì¸ì—½ì˜ ë¯¸ìŠ¤í„°ë¦¬ ë©œë¡œ(LAW)  #SBSCatch","[ìŠ¤ë¸ŒìŠ¤ìºì¹˜] êµ¬ë…í•˜ê¸°â–·https://goo.gl/bnT3WD ì„±ê³µë§Œì„ ì¢‡ë‹¤ ì†ì´ í…… ë¹„ì–´ë²„ë¦° ì°¨ê°€ìš´ ë³€í˜¸ì‚¬ ì˜¤ìˆ˜ì¬ì™€, ê·¸ëŸ° ê·¸ë…€ë¥¼ ì§€í‚¤ê¸° ìœ„í•´ì„œ ..."
"[3íšŒ ì˜ˆê³ ] ìµœìš°ì‹ğŸ§¡ê¹€ë‹¤ë¯¸, ì—­ì£¼í–‰ ë¡œë§¨ìŠ¤ ë³¸ê²©ì ìœ¼ë¡œ ì‹œì‘! #ê·¸í•´ìš°ë¦¬ëŠ” #SBSCatch","[ìŠ¤ë¸ŒìŠ¤ìºì¹˜] êµ¬ë…í•˜ê¸°â–·https://goo.gl/bnT3WD ã€ˆê·¸ í•´ ìš°ë¦¬ëŠ”ã€‰ 3íšŒ ì˜ˆê³ ì…ë‹ˆë‹¤. #ê·¸í•´ìš°ë¦¬ëŠ” #SBSCatch ìŠ¤ë¸ŒìŠ¤ìºì¹˜ í˜ì´ìŠ¤ë¶ ..."
"[3íšŒ ì˜ˆê³ ] &quot;ì´ëŸ° ê°€ì§œ ì—°ì•  ë§ê³  ì§„ì§œ ì—°ì•  í•´ë´ìš”&quot; ì•ˆíš¨ì„­Xê¹€ì„¸ì • ê³„ì•½ ì—°ì•  ë, ì§„ì§œ ì—°ì•  ì‹œì‘? #ì‚¬ë‚´ë§ì„  #SBSCatch","[ìŠ¤ë¸ŒìŠ¤ìºì¹˜] êµ¬ë…í•˜ê¸°â–·https://goo.gl/bnT3WD ã€ˆì‚¬ë‚´ë§ì„ ã€‰ 3íšŒ ì˜ˆê³ ì…ë‹ˆë‹¤. #ì‚¬ë‚´ë§ì„  #SBSCatch ìŠ¤ë¸ŒìŠ¤ìºì¹˜ í˜ì´ìŠ¤ë¶ ..."
"Mario &amp; Luigi: Brothership â€“ Enjoying the Action in Concordia â€“ Nintendo Switch","With jazzy jumps, humongous hammers, and boisterous Bros. Attacks, there are plenty of battles to be found in Concordia! Set sail ..."
"[7íšŒ ì˜ˆê³ ] &quot;ì™œ ë‚¨ì¹œ ë…¸ë¦‡ í•œ ê±´ì§€ ì •ë§ ëª¨ë¥´ê² ìŠµë‹ˆê¹Œ?&quot; ì•ˆíš¨ì„­, ê¹€ì„¸ì • ë§ˆìŒ ë…¹ì¼ê¹Œ? #ì‚¬ë‚´ë§ì„  #SBSCatch","[ìŠ¤ë¸ŒìŠ¤ìºì¹˜] êµ¬ë…í•˜ê¸°â–·https://goo.gl/bnT3WD ã€ˆì‚¬ë‚´ë§ì„ ã€‰ 7íšŒ ì˜ˆê³ ì…ë‹ˆë‹¤. #ì‚¬ë‚´ë§ì„  #SBSCatch ìŠ¤ë¸ŒìŠ¤ìºì¹˜ í˜ì´ìŠ¤ë¶ ..."
"[24.09.18] ì„±ì œì¤€ ì¡°ìƒê·œ ë³€í˜¸ì‚¬ ì¶œì—°",""
"[13íšŒ ì˜ˆê³ ] &quot;ë‹¤ì‹œ í—¤ì–´ì§ˆ í™•ë¥ ì´ ë†’ëŒ€...&quot; ìµœìš°ì‹â¤ê¹€ë‹¤ë¯¸, 24ì‹œê°„ ê½ëƒ¥ëª¨ë“œë„ ë¶€ì¡±í•´ì„œ í—¤ì–´ì§ ê±±ì •? #ê·¸í•´ìš°ë¦¬ëŠ” #SBSCatch","[ìŠ¤ë¸ŒìŠ¤ìºì¹˜] êµ¬ë…í•˜ê¸°â–·https://goo.gl/bnT3WD ã€ˆê·¸ í•´ ìš°ë¦¬ëŠ”ã€‰ 13íšŒ ì˜ˆê³ ì…ë‹ˆë‹¤. #ê·¸í•´ìš°ë¦¬ëŠ” #SBSCatch ìŠ¤ë¸ŒìŠ¤ìºì¹˜ í˜ì´ìŠ¤ë¶ ..."
"[10íšŒ ì˜ˆê³ ] &quot;ìš°ë¦¬ íƒœë¬´ ë§Œë‚˜ì§€ ë§ì•„ìš”&quot; ì•ˆíš¨ì„­â™¥ê¹€ì„¸ì • ìˆœíƒ„ì¹˜ ì•Šì€ ì—°ì• ã… ã…  #ì‚¬ë‚´ë§ì„  #SBSCatch","[ìŠ¤ë¸ŒìŠ¤ìºì¹˜] êµ¬ë…í•˜ê¸°â–·https://goo.gl/bnT3WD ã€ˆì‚¬ë‚´ë§ì„ ã€‰ 10íšŒ ì˜ˆê³ ì…ë‹ˆë‹¤. #ì‚¬ë‚´ë§ì„  #SBSCatch ìŠ¤ë¸ŒìŠ¤ìºì¹˜ í˜ì´ìŠ¤ë¶ ..."
"[1íšŒ ì˜ˆê³ ] &quot;ë‹¤íë©˜í„°ë¦¬ ì°ì, í•œ ë‹¬ ë™ì•ˆ&quot; ìŠ¤ë¬¼ì•„í™‰ ìµœìš°ì‹Xê¹€ë‹¤ë¯¸, ì²«ì‚¬ë‘ ì†Œí™˜ ë¡œë§¨ìŠ¤ &#39;ê·¸í•´ ìš°ë¦¬ëŠ”&#39; D-7! 12ì›” 6ì¼ ì²« ë°©ì†¡ğŸ’š #ê·¸í•´ìš°ë¦¬ëŠ” #SBSCatch","[ìŠ¤ë¸ŒìŠ¤ìºì¹˜] êµ¬ë…í•˜ê¸°â–·https://goo.gl/bnT3WD ã€ˆê·¸ í•´ ìš°ë¦¬ëŠ”ã€‰ 1íšŒ ì˜ˆê³ ì…ë‹ˆë‹¤. #ê·¸í•´ìš°ë¦¬ëŠ” #SBSCatch ìŠ¤ë¸ŒìŠ¤ìºì¹˜ í˜ì´ìŠ¤ë¶ ..."
"ì—°ì¤€ (YEONJUN) â€˜GGUMâ€™ Official Teaser","ì—°ì¤€ (YEONJUN) 'GGUM' Official Teaser Credits: Directed by 2eehyein (2eehyein film) Assistant Director : Minhee Lee, Youngmin ..."
"[12íšŒ ì˜ˆê³ ] &quot;ìš°ë¦¬ í—¤ì–´ì ¸ ì§€ë‚¼ ìˆ˜ ìˆì„ê¹Œìš”?&quot; ì•ˆíš¨ì„­â™¥ê¹€ì„¸ì • ì• í‹‹í•œ í¬ì˜¹ì˜ ì˜ë¯¸ëŠ”? #ì‚¬ë‚´ë§ì„  #SBSCatch","[ìŠ¤ë¸ŒìŠ¤ìºì¹˜] êµ¬ë…í•˜ê¸°â–·https://goo.gl/bnT3WD ã€ˆì‚¬ë‚´ë§ì„ ã€‰ 12íšŒ ì˜ˆê³ ì…ë‹ˆë‹¤. #ì‚¬ë‚´ë§ì„  #SBSCatch ìŠ¤ë¸ŒìŠ¤ìºì¹˜ í˜ì´ìŠ¤ë¶ ..."
"[í‹°ì €2] ìµœìš°ì‹Xê¹€ë‹¤ë¯¸, 10ë…„ ë§Œì— ì¬íšŒí•œ í—¤ì–´ì§„ X!! ì²«ì‚¬ë‘ ì—­ì£¼í–‰ ë¡œë§¨ìŠ¤ &#39;ê·¸ í•´ ìš°ë¦¬ëŠ”&#39; 12ì›” 6ì¼ ì²« ë°©ì†¡ğŸ’› #ê·¸í•´ìš°ë¦¬ëŠ” #SBSCatch","[ìŠ¤ë¸ŒìŠ¤ìºì¹˜] êµ¬ë…í•˜ê¸°â–·https://goo.gl/bnT3WD í•¨ê»˜í•´ì„œ ë”ëŸ¬ì› ê³  ë‹¤ì‹  ë³´ì§€ ë§ì!ë¡œ ëë‚¬ì–´ì•¼ í•  ì¸ì—°ì´ 10ë…„ì´ í˜ëŸ¬ ì¹´ë©”ë¼ ì•ì— ..."
"[ìŠ¤í˜ì…œ ì„ ê³µê°œ] ì†Œê¿‰ë†€ì´í•˜ë˜ ì‹œì ˆ, ë°°ì„ë¥˜ê°€ ìµœìŠ¹íš¨ì—ê²Œ ë‚´ê±´ ì•½ì†â™¥ #ì—„ë§ˆì¹œêµ¬ì•„ë“¤ EP.11","í‹°ë¹™ì—ì„œ ìŠ¤íŠ¸ë¦¬ë° : https://tving.onelink.me/xHqC/30a78d6f ì˜¤ë¥˜ ë‚œ ì¸ìƒì„ ì¬ë¶€íŒ… í•˜ë ¤ëŠ” ì—¬ìì™€ ê·¸ì˜ ì‚´ì•„ìˆëŠ” í‘ì—­ì‚¬ì¸ 'ì—„ë§ˆì¹œêµ¬ ..."
"[7íšŒ ì˜ˆê³ ] &quot;ì¢‹ì•„ì„œìš”..ğŸ’œ&quot; ìµœìš°ì‹ì—ê²Œ ì§ì§„í•˜ëŠ” ë…¸ì •ì˜! ê¹€ë‹¤ë¯¸ ì‹¬ê²½ ë³€í™” ì˜¬ê¹Œ? #ê·¸í•´ìš°ë¦¬ëŠ” #SBSCatch","[ìŠ¤ë¸ŒìŠ¤ìºì¹˜] êµ¬ë…í•˜ê¸°â–·https://goo.gl/bnT3WD ã€ˆê·¸ í•´ ìš°ë¦¬ëŠ”ã€‰ 7íšŒ ì˜ˆê³ ì…ë‹ˆë‹¤. #ê·¸í•´ìš°ë¦¬ëŠ” #SBSCatch ìŠ¤ë¸ŒìŠ¤ìºì¹˜ í˜ì´ìŠ¤ë¶ ..."
"[ë³¸] ì¶”ì„ ë¯¼ì‹¬ì€ &quot;ìœ¤ì„ì—´ íƒ„í•µ&quot; / ì´ì¬ëª…ì˜ ê³ ë¯¼ / ì‚¬ê³¼ë„ ì—†ëŠ” íŒŒë ´ì¹˜í•œ ë‚˜ëŒ€ê¸° ì—¬ë¡  ìµœì•… / êµ¬ê¸‰ëŒ€ì› ì…í‹€ë§‰ / êµ°ëŒ€ê°€ ì•„ë‹ˆë¼ ê²½ì œë‹¤ ë“±","ìƒˆë‚  ì •ê¸°êµ¬ë… í•˜ê¸°: https://zrr.kr/fL02 ìƒˆë‚ ë§ˆì¼“ ë°”ë¡œê°€ê¸° : https://www.saenalmarket.com ìƒˆë‚  ARS ë©¤ë²„ì‹­ ê°€ì…í•˜ê¸°: 1877-0629 ..."
"Tucker Reacts to 2nd Trump Shooting","Corporate media is dead. Join us: bit.ly/49wv3dU Text â€œTUCKERâ€ to 44055 for exclusive updates. #politics #tuckercarlson ..."
"[í‹°ì €3] ìµœìš°ì‹â¤ê¹€ë‹¤ë¯¸, ì´ë³„ í›„ ì¬íšŒë¡œ ë” ì„¤ë ˆëŠ” ì²«ì‚¬ë‘ ì—­ì£¼í–‰ ë¡œë§¨ìŠ¤ &#39;ê·¸ í•´ ìš°ë¦¬ëŠ”&#39; 12ì›” 6ì¼ ì²« ë°©ì†¡ğŸ’™ #ê·¸í•´ìš°ë¦¬ëŠ” #SBSCatch","[ìŠ¤ë¸ŒìŠ¤ìºì¹˜] êµ¬ë…í•˜ê¸°â–·https://goo.gl/bnT3WD í•¨ê»˜í•´ì„œ ë”ëŸ¬ì› ê³  ë‹¤ì‹  ë³´ì§€ ë§ì!ë¡œ ëë‚¬ì–´ì•¼ í•  ì¸ì—°ì´ 10ë…„ì´ í˜ëŸ¬ ì¹´ë©”ë¼ ì•ì— ..."
"[8íšŒ ì˜ˆê³ ] &quot;ì•ˆ í—¤ì–´ì ¸ ìš°ë¦¬&quot; ìµœìš°ì‹â¤ê¹€ë‹¤ë¯¸ ë‹¤ì‹œ ê´€ê³„ íšŒë³µí• ê¹Œ? #ê·¸í•´ìš°ë¦¬ëŠ” #SBSCatch","[ìŠ¤ë¸ŒìŠ¤ìºì¹˜] êµ¬ë…í•˜ê¸°â–·https://goo.gl/bnT3WD ã€ˆê·¸ í•´ ìš°ë¦¬ëŠ”ã€‰ 8íšŒ ì˜ˆê³ ì…ë‹ˆë‹¤. #ê·¸í•´ìš°ë¦¬ëŠ” #SBSCatch ìŠ¤ë¸ŒìŠ¤ìºì¹˜ í˜ì´ìŠ¤ë¶ ..."
"History&#39;s Dumbest Duels: Artist vs Critic | Extra History #shorts","For more wierd animated history check out our series on Secret Societies here - https://youtu.be/qmv7BhKEDUo * Watch us ..."
"[í‹°ì €3] ìµœìš°ì‹â¤ê¹€ë‹¤ë¯¸, ì´ë³„ í›„ ì¬íšŒë¡œ ë” ì„¤ë ˆëŠ” ì²«ì‚¬ë‘ ì—­ì£¼í–‰ ë¡œë§¨ìŠ¤ &#39;ê·¸ í•´ ìš°ë¦¬ëŠ”&#39; 12ì›” 6ì¼ ì²« ë°©ì†¡ğŸ’™ #ê·¸í•´ìš°ë¦¬ëŠ” #SBSCatch","[ìŠ¤ë¸ŒìŠ¤ìºì¹˜] êµ¬ë…í•˜ê¸°â–·https://goo.gl/bnT3WD í•¨ê»˜í•´ì„œ ë”ëŸ¬ì› ê³  ë‹¤ì‹  ë³´ì§€ ë§ì!ë¡œ ëë‚¬ì–´ì•¼ í•  ì¸ì—°ì´ 10ë…„ì´ í˜ëŸ¬ ì¹´ë©”ë¼ ì•ì— ..."
"ë‹¹ê·¼ë§ˆì¼“ ì°½ê³¼ ë°©íŒ¨ (ë¦¬ë§ˆìŠ¤í„°ë§)","ìŠ¤ë‚µíƒ€ìš´ #ë‹¹ê·¼ #ë¦¬ë§ˆìŠ¤í„°ë§ ìŠ¤ë‚µíƒ€ìš´ : https://instagram.com/snacktowncomedy ê°•í˜„ì„ : https://instagram.com/kanghyeunseok ..."
"[8íšŒ ì˜ˆê³ ] &quot;ì•ˆ í—¤ì–´ì ¸ ìš°ë¦¬&quot; ìµœìš°ì‹â¤ê¹€ë‹¤ë¯¸ ë‹¤ì‹œ ê´€ê³„ íšŒë³µí• ê¹Œ? #ê·¸í•´ìš°ë¦¬ëŠ” #SBSCatch","[ìŠ¤ë¸ŒìŠ¤ìºì¹˜] êµ¬ë…í•˜ê¸°â–·https://goo.gl/bnT3WD ã€ˆê·¸ í•´ ìš°ë¦¬ëŠ”ã€‰ 8íšŒ ì˜ˆê³ ì…ë‹ˆë‹¤. #ê·¸í•´ìš°ë¦¬ëŠ” #SBSCatch ìŠ¤ë¸ŒìŠ¤ìºì¹˜ í˜ì´ìŠ¤ë¶ ..."
"History&#39;s Dumbest Duels: Artist vs Critic | Extra History #shorts","For more wierd animated history check out our series on Secret Societies here - https://youtu.be/qmv7BhKEDUo * Watch us ..."
"[11íšŒ ì˜ˆê³ ] &quot;ì‚¬í‘œ ë‚´ê³  ë– ë‚˜ìš”&quot; ì•ˆíš¨ì„­ê³¼ í—¤ì–´ì§€ë¼ëŠ” ë§ì— ê¹€ì„¸ì • ë©˜ë¶•ğŸ˜¥ #ì‚¬ë‚´ë§ì„  #SBSCatch","[ìŠ¤ë¸ŒìŠ¤ìºì¹˜] êµ¬ë…í•˜ê¸°â–·https://goo.gl/bnT3WD ã€ˆì‚¬ë‚´ë§ì„ ã€‰ 11íšŒ ì˜ˆê³ ì…ë‹ˆë‹¤. #ì‚¬ë‚´ë§ì„  #SBSCatch ìŠ¤ë¸ŒìŠ¤ìºì¹˜ í˜ì´ìŠ¤ë¶ ..."
"Alto dato #humor #hermanos #comedia #hermanostodos #comedy",""
"LG í“¨ë¦¬ì¼€ì–´ ì˜¤ë¸Œì œì»¬ë ‰ì…˜ : 2022 ì •ìˆ˜ê¸°ëŠ¥ë ¥í‰ê°€ ë§í•˜ê¸°ì˜ì—­ ê°€í˜• í¸","LGì „ì ê³µì‹ í™ˆí˜ì´ì§€ë¥¼ í†µí•´ '2022 ì •ìˆ˜ê¸° ëŠ¥ë ¥í‰ê°€' ì´ë²¤íŠ¸ì— ì°¸ì—¬ í•´ì£¼ì„¸ìš”! â–·ì´ë²¤íŠ¸ ìì„¸íˆ ë³´ê¸°: https://bit.ly/3wDCOOj 2022 ..."
"We took cheap Vs. expensive vacations ğŸ˜‚",""
"Chris Cuomo APOLOGIZES to Trump | RED-PILL MOMENT",""
"Love what you Got!!! ğŸ’™ #16kids #bigfamily #notenoughnelsons #ootd #nenfam #fashion #castlehouse","https://www.youtube.com/watch?v=oSvLGpBpBjM OUR MEGA-FAMiLY CASTLE HOUSE TOUR! *NEVER-BEFORE SEEN ROOM!"
"ì¶”ì„ ì—°íœ´ ë§ˆì§€ë§‰ ë‚ , ì•„ì§ë„ ì¶œë²” ëª»í•œ ì—¬Â·ì•¼Â·ì˜Â·ì • í˜‘ì˜ì²´ (20240918 ìˆ˜ìš”ì¼ ë°©ì†¡) ë°•ì§„ì˜ ê°•ìˆ˜ì˜","ë”ì°©í•œë³´í—˜ âœ¨ ë¯¿ì„ ìˆ˜ ìˆë‹¤! ë”ì°©í•œë³´í—˜ ì˜ˆì•½ í›„ ì „êµ­ ë¬´ë£Œ ë°©ë¬¸ìƒë‹´ ê°€ëŠ¥ ëŒ€í‘œë²ˆí˜¸ 1644-1236 / 010-7612-3303 #ëª¨ì…˜ì˜ì› ..."
"[1ì°¨ í‹°ì €] SBS ìƒˆ ê¸ˆí† ë“œë¼ë§ˆ &#39;ì™œ ì˜¤ìˆ˜ì¬ì¸ê°€&#39; ìˆ¨ë© ìœ ë°œ ì•„ì°”í•œ í‹°ì € ê³µê°œ! #ì™œì˜¤ìˆ˜ì¬ì¸ê°€ #SBSCatch","[ìŠ¤ë¸ŒìŠ¤ìºì¹˜] êµ¬ë…í•˜ê¸°â–·https://goo.gl/bnT3WD 'ì‚´ê¸° ìœ„í•´, ê°€ì¥ ìœ„ì—ì„œ, ë” ë…í•˜ê²Œ' ì„±ê³µë§Œì„ ì¢‡ë‹¤ ì†ì´ í…… ë¹„ì–´ë²„ë¦° ì°¨ê°€ìš´ ë³€í˜¸ì‚¬ ..."
"ê°‘ìˆœì´ íŠ¸ë¼ìš°ë§ˆ","ì§„ë—ê°œ #ì‚¼ìš©ì´ #ê°‘ìˆœì´ Music provided by ë¸Œê¸ˆëŒ€í†µë ¹ Track : ì˜¤ì˜ˆ ë´„ì´ë‹¤!! - https://youtu.be/v6WhPBtAmJg."
"í˜ì´ ë°˜ëŒ€ì¸ ì„¸ìƒ","ë¡œë¸”ë¡ìŠ¤ #ë¡œë¸”ê³„."
"[ìŠ¤í˜ì…œ í‹°ì €] 2022ë…„ SBS ìƒˆ ì›”í™” ë“œë¼ë§ˆ &#39;ì‚¬ë‚´ë§ì„ &#39; ì•ˆíš¨ì„­Xê¹€ì„¸ì • ë²”ìƒì¹˜ ì•Šì€ ë¡œì½” 2ì›” ì²« ë°©ì†¡ğŸ’› #SBSCatch","[ìŠ¤ë¸ŒìŠ¤ìºì¹˜] êµ¬ë…í•˜ê¸°â–·https://goo.gl/bnT3WD â€œë¶€ìºì˜ ì •ì²´ê°€ ë°œê°ë˜ë©´ ë³¸ìºëŠ” í•´ê³ ?â€ ì–¼êµ´ ì²œì¬ ëŠ¥ë ¥ë‚¨ CEOì™€ ì •ì²´ë¥¼ ì†ì¸ ë§ì„ ë…€ ..."
"[9íšŒ ì˜ˆê³ ] &quot;ê·¸ë ‡ë‹¤ê³  í•™ìƒ ì§‘ì— ì‚´ì•„?&quot; ì„œí˜„ì§„Xí™©ì¸ì—½ ë™ê±° ì‹œì‘! #ì™œì˜¤ìˆ˜ì¬ì¸ê°€ #SBSCatch","[ìŠ¤ë¸ŒìŠ¤ìºì¹˜] êµ¬ë…í•˜ê¸°â–·https://goo.gl/bnT3WD ã€ˆì™œ ì˜¤ìˆ˜ì¬ì¸ê°€ã€‰ 9íšŒ ì˜ˆê³ ì…ë‹ˆë‹¤. #ì™œì˜¤ìˆ˜ì¬ì¸ê°€ #SBSCatch ìŠ¤ë¸ŒìŠ¤ìºì¹˜ í˜ì´ìŠ¤ë¶ ..."
"íŒ€ì¥ë‹˜ì´ ë¶€ë¦…ë‹ˆë‹¤ - ì§‘ì— ê°€ì§€ë§ˆ~ğŸ¶ã…£[í‚¤ìŠ¤ ì‹ìŠ¤ ì„¼ìŠ¤] #7í™” ì˜ˆê³ í¸ã…£ë””ì¦ˆë‹ˆ+","ë¯¼í›„ì™€ ì˜ˆìˆ ì€ ë°ì´íŠ¸ ì¤‘! í›„í›—....ë°©í•´í•˜ì§€ ë§ìêµ¬ìš”   ì´ˆê°ê° ë¡œë§¨í‹± ì½”ë¯¸ë”” [í‚¤ìŠ¤ ì‹ìŠ¤ ì„¼ìŠ¤] ë””ì¦ˆë‹ˆ+ì—ì„œ ì§€ê¸ˆ ìŠ¤íŠ¸ë¦¬ë° ì¤‘ â € #í‚¤ìŠ¤ ..."
"ESTAS SKINS HAN SIDO ELIMINADAS EN FORTNITE! #shorts #fortnite",""
"Easy Landscape Drawing in Procreate #Short","Procreate Short Tutorial! In this easy short Procreate tutorial, I will show you how you can draw a stylized landscape on your iPad."
"Make a 3D Letter in PROCREATE #Shorts - Quick Procreate Tutorial","Procreate Short Tutorial! In this short video I will show you how you can easily create this 3D letter effect in Procreate. Want more ..."
"Orange challengeğŸŠdid u figure out too? ğŸ˜ #funnyvideo #comedy #challenge #reaction","I thought the upgrade version is hard, took me a while to figure outâ€¦ easy for u too?"
"LG í“¨ë¦¬ì¼€ì–´ ì˜¤ë¸Œì œì»¬ë ‰ì…˜ : 2022 ì •ìˆ˜ê¸°ëŠ¥ë ¥í‰ê°€ ë””ìì¸ ì˜ì—­ í¸","2022 ì •ìˆ˜ê¸° ëŠ¥ë ¥ í‰ê°€ ë””ìì¸ì˜ì—­ ê¸°ë‹¤ë¦¬ë˜ í“¨ë¦¬ì¼€ì–´ê°€ ë„ì°©í–ˆëŠ”ë° ì •ìˆ˜ê¸°ë¥¼ ì„¸ë¡œë¡œ ë‘ê¸° ì• ë§¤í•˜ë‹¤ ì´ë•Œ, ë°”ê¿”ì•¼ í•  ê²ƒì€?"
"Ye log Mera  Dukaan uthakar le gye ğŸ˜” #minivlog #shorts #shortvideo #youtubeshorts","Ye log Mera Dukaan uthakar le gye #minivlog #shorts #shortvideo #youtubeshorts #minivlog #shorts #shortvideo #viral ..."
"Had fun making this #school #relatable #love #couple #shorts",""
"what was in the end #roblox #thestrongestbattlegrounds #saitamabattlegrounds","The Strongest Battlegrounds shorts #shorts game link: https://www.roblox.com/games/10449761463/The-Strongest-Battlegrounds ..."
"TTS Stream System","Watch the stream here: https://piratesoftware.live Join the community here: https://discord.gg/piratesoftware #Shorts #Twitch ..."
"Breaking: After 7 yearsâ€¦ITâ€™S HAPPENING ğŸ¤¯ #tommacdonald #hangovergang",""
"LG í“¨ë¦¬ì¼€ì–´ ì˜¤ë¸Œì œì»¬ë ‰ì…˜ : 2022 ì •ìˆ˜ê¸°ëŠ¥ë ¥í‰ê°€ ë””ìì¸ ì˜ì—­ í¸","2022 ì •ìˆ˜ê¸° ëŠ¥ë ¥ í‰ê°€ ë””ìì¸ì˜ì—­ ê¸°ë‹¤ë¦¬ë˜ í“¨ë¦¬ì¼€ì–´ê°€ ë„ì°©í–ˆëŠ”ë° ì •ìˆ˜ê¸°ë¥¼ ì„¸ë¡œë¡œ ë‘ê¸° ì• ë§¤í•˜ë‹¤ ì´ë•Œ, ë°”ê¿”ì•¼ í•  ê²ƒì€?"
"So insensitive ğŸ˜‚ #zebkii",""
"Poppy Playtime Catnap Transformation [Part 2]","poppyplaytimechapter1 #poppyplaytimechapter2 #poppyplaytimechapter3 #catnap #dogday #transformation #animation ..."
"Wait for it ğŸ’€.",""
"[5íšŒ ì˜ˆê³ ] &quot;íšŒì¥ë‹˜ ì˜¤ì‹œë¼ê³  í•´&quot; ì„œí˜„ì§„, í—ˆì¤€í˜¸ì—ê²Œ ë…ê¸° í’ˆê³  ê·¸ë¦¬ëŠ” ë¹…í”½ì²˜! #ì™œì˜¤ìˆ˜ì¬ì¸ê°€ #SBSCatch","[ìŠ¤ë¸ŒìŠ¤ìºì¹˜] êµ¬ë…í•˜ê¸°â–·https://goo.gl/bnT3WD ã€ˆì™œ ì˜¤ìˆ˜ì¬ì¸ê°€ã€‰ 5íšŒ ì˜ˆê³ ì…ë‹ˆë‹¤. #ì™œì˜¤ìˆ˜ì¬ì¸ê°€ #SBSCatch ìŠ¤ë¸ŒìŠ¤ìºì¹˜ í˜ì´ìŠ¤ë¶ ..."
"MELOLOID: Teto Is Hungry #talkloid  #vocaloid  #meloloid #mmd  #blender  #miku","legends say teto is still hungry Credits: ------------------------------ Kasane Teto SV: ..."
"GoÌˆnuÌˆl DagÌ†Ä± 145. BoÌˆluÌˆm 2. FragmanÄ± @trt1","Sen bebeÄŸimizin kalp atÄ±ÅŸÄ±nÄ± mÄ± duymak istedin?â€ #SelTan 145. BÃ¶lÃ¼m 2. FragmanÄ± Sizlerle! â›° #GÃ¶nÃ¼lDaÄŸÄ± yeni bÃ¶lÃ¼mÃ¼yle ..."
"à·ƒà·”à¶¶ à¶±à·à¶šà¶­à¶§ à¶»à¶§ à¶…à¶±à·”à¶»à¶§ | à¶šà·…à·”à¶­à¶» à·€à·’à¶¢à¶ºà¶œà·Šâ€à¶»à·à·„à·“ à¶¸à·„ à¶»à·à¶½à·’à¶º | NPP Srilanka | akd.lk | Live","à·ƒà·”à¶¶ à¶±à·à¶šà¶­à¶§ à¶»à¶§ à¶…à¶±à·”à¶»à¶§ | à¶šà·…à·”à¶­à¶» à·€à·’à¶¢à¶ºà¶œà·Šâ€à¶»à·à·„à·“ à¶¸à·„ à¶»à·à¶½à·’à¶º | NPP Srilanka | akd.lk | Live Follow Anura ..."
"ì—°ë ¹ë³„ ì¶”ì„ì„ ëŒ€í•˜ëŠ” ìì„¸","shorts."
"As a Mormon wife you literally PROMISE God youâ€™ll obey your husband ğŸ™„ #exmo #mormon",""
"Ex vs. New Girlfriend",""
"[7íšŒ ì˜ˆê³ ] &quot;ìì‚´ì²˜ëŸ¼ ë³´ì´ëŠ” íƒ€ì‚´ì´ë¼ë©´..&quot; ì„œí˜„ì§„, í˜•ì‚¬ë“¤ì— ì˜í•´ ì—°í–‰! #ì™œì˜¤ìˆ˜ì¬ì¸ê°€ #SBSCatch","[ìŠ¤ë¸ŒìŠ¤ìºì¹˜] êµ¬ë…í•˜ê¸°â–·https://goo.gl/bnT3WD ã€ˆì™œ ì˜¤ìˆ˜ì¬ì¸ê°€ã€‰ 7íšŒ ì˜ˆê³ ì…ë‹ˆë‹¤. #ì™œì˜¤ìˆ˜ì¬ì¸ê°€ #SBSCatch ìŠ¤ë¸ŒìŠ¤ìºì¹˜ í˜ì´ìŠ¤ë¶ ..."
"One of the most underrated speed boots right now","PUMA Ultra 1.4 Instinct - potentially the most underrated speed boot at the moment in awesome new colours. See what they look ..."
"How People Wake up Based on Their Alarms ğŸ˜‚",""
"Durga NEW PROMO: Anurag Ne Ki Durga Ki Iccha Puri |","Colors TV Durga NEW PROMO: Anurag Ne Ki Durga Ki Iccha Puri | #Durga #pranalirathod #AashayMishra â¤Subscribe Telly ..."
"ê°€ì„ ì˜¤ë‚˜ í–ˆëŠ”ë° ë‹¤ì‹œ â€˜í•œì—¬ë¦„â€™..ê¸°í›„ìœ„ê¸° ëŒ€ì±…ì€? - [í•«ì´ìŠˆPLAY] MBCë‰´ìŠ¤ 2024ë…„ 9ì›” 18ì¼","ê°€ì„ ì˜¤ë‚˜ í–ˆëŠ”ë° ë‹¤ì‹œ 'í•œì—¬ë¦„ ë”ìœ„'â€¥ì„œìš¸ì—” ì‚¬ìƒ ì²« '9ì›” í­ì—¼ê²½ë³´' (2024.09.10./ë‰´ìŠ¤ë°ìŠ¤í¬/MBC) [ê¸°í›„í™˜ê²½ ë¦¬í¬íŠ¸] ì—´ëŒ€ì•¼ ì›ì¡°ë„ ..."
"Does Batista Get Recognized For Movies Or Wrestling?","WWE Legend & Hollywood superstar Dave Bautista explains why he thinks he's still recognized more as a wrestler than an actor ..."
"[8íšŒ ì˜ˆê³ ] &quot;ë¬´ì£„ë€ ì¦ê±° ì°¾ì•„ì•¼ ë¼ìš”&quot; êµ¬ì¹˜ì†Œì— ìˆ˜ê°ëœ ìœ„ê¸°ì˜ ì„œí˜„ì§„, ë‹¤ì‹œ í—ˆì¤€í˜¸ì—ê²Œ ë³µìˆ˜í•  ìˆ˜ ìˆì„ê¹Œ? #ì™œì˜¤ìˆ˜ì¬ì¸ê°€ #SBSCatch","[ìŠ¤ë¸ŒìŠ¤ìºì¹˜] êµ¬ë…í•˜ê¸°â–·https://goo.gl/bnT3WD ã€ˆì™œ ì˜¤ìˆ˜ì¬ì¸ê°€ã€‰ 8íšŒ ì˜ˆê³ ì…ë‹ˆë‹¤. #ì™œì˜¤ìˆ˜ì¬ì¸ê°€ #SBSCatch ìŠ¤ë¸ŒìŠ¤ìºì¹˜ í˜ì´ìŠ¤ë¶ ..."
"Congratulations to our very own Kate AÌ¶bÌ¶dÌ¶oÌ¶ Scott on her wedding ğŸ‘°","Stream every UEFA Champions League match live on Paramount+: http://bit.ly/UCLonParamount Watch all the extended ..."
"He did it for Kobe ğŸ™â¤ï¸","TikTok: https://www.tiktok.com/@gdfactoryclips TikTok 2: https://www.tiktok.com/@gdextraclips Instagram: ..."
"à°…à°¨à±à°¨à°¦à°®à±à°®à±à°² à°…à°¨à±à°¬à°‚à°§à°‚ â¤ï¸ | Part-93 #emotional #ytshortsindia #wonderingminds #shorts #brothers #love","à°…à°¨à±à°¨à°¦à°®à±à°®à±à°² à°…à°¨à±à°¬à°‚à°§à°‚ â¤ï¸ | Part-93 #emotional #ytshortsindia #wonderingminds #shorts #brothers #love ..."
"Midnight Autumn Rain in the Forest: Dark Bedroom Ambience for a Good and Peaceful Sleep ğŸŒ§ï¸  | ASMR","Hello!! Welcome to my channel On my channel you will find many videos about rain sounds, thunder and chimney sounds."
"How to make Caramel Fudge Crunch Bars! Recipe #Shorts","How to make Caramel Fudge Crunch Bars! Want to make simple recipes? My new shorts series takes you through some simple, ..."
"ì† ë†“ì„ ìˆ˜ ìˆì„ê¹Œâ‰ï¸ğŸ˜± Partner Challenge","URE - Life is a challenge ìˆ˜ì—… ì•ˆë‚´ Class Information https://1llusion.modoo.at/ ì˜¨ë¼ì¸ í´ë˜ìŠ¤ Online Class ..."
"Best daily routine ! ğŸ™","ProtÃ©ine Whey et crÃ©atine Inshape Nutrition â–»https://bit.ly/2M9v9QV Mon application de sport ShapeYou â–»https://shapeyou.fr ..."
"Solving Your Goofiest Minecraft Problems","All of us have a couple of problems in Minecraft. That's why I made this video. In this video I will solve your Goofy Minecraft ..."
"How to deal with CHAOS in Mario Kart 8 Deluxe!","black yoshi, mr scooty, roller, paper glider, best combo in mk8dx shortcat extended universe, gyrodos, snes rainbow road, survive ..."
"KIA ì •ê·œë¦¬ê·¸ ìš°ìŠ¹! ê½ƒê°ë… ìš¸ì»¥í•œ ìˆœê°„ #shorts","ì— ë¹…ë‰´ìŠ¤ êµ¬ë… https://www.youtube.com/@mbicnews?sub_confirmation=1 â—‹ í™ˆí˜ì´ì§€ ..."
"Saitama workout ! ğŸ˜±ğŸ˜±","ProtÃ©ine Whey et crÃ©atine Inshape Nutrition â–»https://bit.ly/2M9v9QV Mon application de sport ShapeYou â–»https://shapeyou.fr ..."
"ìš”ì¦˜ ë„ê°€ ì§€ë‚˜ì¹œ í•œêµ­ì–´ ì§€ìš°ê¸°",""
"When your Friends Invite you to a RANDOM Party ğŸ˜­ #Shorts #comedy #pdiddy",""
"à¤…à¤°à¤µà¤¿à¤‚à¤¦ à¤•à¥‡à¤œà¤°à¥€à¤µà¤¾à¤² à¤•à¥‹ à¤¯à¤¾à¤¦ à¤•à¤° à¤­à¤¾à¤µà¥à¤• à¤¹à¥à¤ˆ à¤†à¤¤à¤¿à¤¶à¥€ #aamaadmiparty #arvindkejriwal",""
"Eu fico me perguntando como eles conseguem ğŸ‘€ #professora #humor #alunos #shorts","Rotina de uma prof. do Ensino mÃ©dio. Ensinando com amor e diversÃ£o! https://beacons.ai/prof.fergarcia."
"ë‹¹ì‚¬ëª¨TV","í•˜ìˆ˜ì²´ë„ë‹¹ì‚¬ëª¨TVì…ë‹ˆë‹¤#ìˆ˜ì§€ê°€ë†’ìœ¼ì‹ ë¶„ë“¤ì€#ì˜ìƒì´#ë§ì§€ì•ˆì„ìˆ˜ìˆìŠµë‹ˆë‹¤#ê³ ìˆ˜ì²´ë„ì„#ì´ìš©ë¶€íƒë“œë¦½ë‹ˆë‹¤."
"LG í“¨ë¦¬ì¼€ì–´ ì˜¤ë¸Œì œì»¬ë ‰ì…˜ : 2022 ì •ìˆ˜ê¸°ëŠ¥ë ¥í‰ê°€ ë§í•˜ê¸°ì˜ì—­ ë‚˜í˜• í¸","2022 ì •ìˆ˜ê¸° ëŠ¥ë ¥ í‰ê°€ ë§í•˜ê¸° ì˜ì—­ [ë‚˜í˜•] ë§¤ìš´ ì–‘ë…ì¹˜í‚¨ì„ ë¨¹ëŠ”ë° ë‚¨í¸ì´ ì–‘ë… ë¬»ì€ ì†ìœ¼ë¡œ ì •ìˆ˜ê¸° ë²„íŠ¼ì„ ëˆ„ë¥´ë ¤ê³  í•©ë‹ˆë‹¤. ì´ë•Œ ..."
"I blame gymnastics for making me short ğŸ¤£ğŸ˜­ #fypã‚·ã‚š #funny #relateble #trend #skit #vacation #viral",""
"How to make Salted Caramel Twix Brownies! Recipe #Shorts","How to make Salted Caramel Twix Brownies! Want to make simple recipes? My new shorts series takes you through some simple, ..."
"[ì—”ë¯¹ìŠ¤] ë ˆì „ë“œ ì¶•êµ¬ì„ ìˆ˜ ì¹´ì¹´ë„ ë”°ë¼í•˜ëŠ” ì™¸ëª¨ì·¤ ã…‹ã…‹ã…‹ã…‹","[ì—”ë¯¹ìŠ¤] ë ˆì „ë“œ ì¶•êµ¬ì„ ìˆ˜ ì¹´ì¹´ë„ ë”°ë¼í•˜ëŠ” ì™¸ëª¨ì·¤ ã…‹ã…‹ã…‹ã…‹ í’€ì˜ìƒì€ 'ìŠ›í¬ëŸ¬ë¸Œ' ìœ íŠœë¸Œ ì±„ë„ì—ì„œ ë³´ì‹¤ ìˆ˜ ìˆìŠµë‹ˆë‹¤. #ì—”ë¯¹ìŠ¤ #NMIXX ..."
"ë©”ê°€ê²Œì„TV | ìˆí¼ë°©ì†¡ | ì›”ê´‘ë³´í•© | ê³ ì „ê²Œì„ | Retro Game | Arcade","This stream is created with #PRISMLiveStudio."
"ê·€ìš”ë¯¸ ë™ë¬¼ë“¤ ë±€í¸",""
"Making Tacos for my â€œGirlfriendâ€",""
"Paise à¤¨à¥€ à¤¦à¥‡à¤¤à¤¾ MeinğŸ˜‚ II #sevengers #shorts","Love You All Youtube Familyâ¤ï¸ Keep Supporting   Like,Comments,Share & Subscribe â¡ï¸Sevengers For daily routine ..."
"ì˜ˆë»ì§„ ì¹œêµ¬ê°€ 6ë…„ê°„ ì†”ë¡œì˜€ë˜ ì´ìœ  #shorts #ìœ ë¨¸ì§¤ì‹œë¦¬ì¦ˆ","ì˜ˆë»ì§„ ì¹œêµ¬ê°€ 6ë…„ê°„ ì†”ë¡œì˜€ë˜ ì´ìœ ."
"Here&#39;s why Trump is attacking Taylor Swift","shorts."
"Two Brits try Carolina Reaper Chips!","Check out our latest JOLLY merch at http://getjolly.store Click here to buy Josh's bestselling autobiography!"
"Sharing Husband  | à°…à°¤à±à°¤à°—à°¾à°°à±  | à°¸à°®à°¾à°¨à°¤à±à°µà°‚ | Short07 | Gossip Gowtham | Tamada Media","Hii Guy's we are Back again with a new series â€œ Sharing Husband â€œ Director:- Rahul Srinivas, Rajkamal Guntuku Writer:- Siri Setty, ..."
"[6íšŒ ì˜ˆê³ ] &quot;700ì–µì„ ë²Œì—ˆëŠ”ë°ë„ ë¤ë¤í•´&quot; ì„œí˜„ì§„, í—ˆì¤€í˜¸ì—ê²Œ ë°˜ê²©ì€ ì´ì œ ì‹œì‘! #ì™œì˜¤ìˆ˜ì¬ì¸ê°€ #SBSCatch","[ìŠ¤ë¸ŒìŠ¤ìºì¹˜] êµ¬ë…í•˜ê¸°â–·https://goo.gl/bnT3WD ã€ˆì™œ ì˜¤ìˆ˜ì¬ì¸ê°€ã€‰ 6íšŒ ì˜ˆê³ ì…ë‹ˆë‹¤. #ì™œì˜¤ìˆ˜ì¬ì¸ê°€ #SBSCatch ìŠ¤ë¸ŒìŠ¤ìºì¹˜ í˜ì´ìŠ¤ë¶ ..."
"Why Is This FRIGHTENING Tooth Trend Is Taking Over!? ğŸ§›ğŸ¦·",""
"Count it âœ”ğŸµ #beatbox #beatboxchallenge","""Count it âœ“   #beatbox #beatboxchallenge #beatpellahouse"""
"[13íšŒ ì˜ˆê³ ] &quot;ì‹¸ì›€ì´ ì‹œì‘ë˜ë©´ ì´ê¸°ëŠ” ê²ƒë§Œ ìƒê°í•´ë¼&quot; ì´ì¤€ê¸°Xê¹€ì§€ì€ ì•…ì˜ ì´ë„ˆì„œí´ê³¼ ì°¸êµìœ¡ ì»¤ë° ì‘¨! #ì–´ê²Œì¸ë§ˆì´ë¼ì´í”„ #SBSCatch","[ìŠ¤ë¸ŒìŠ¤ìºì¹˜] êµ¬ë…í•˜ê¸°â–·https://goo.gl/bnT3WD ã€ˆì–´ê²Œì¸ ë§ˆì´ ë¼ì´í”„ã€‰ 13íšŒ ì˜ˆê³ ì…ë‹ˆë‹¤. #ì–´ê²Œì¸ë§ˆì´ë¼ì´í”„ #SBSCatch ìŠ¤ë¸ŒìŠ¤ ..."
"IONIQ 6 Digital World Premiere Highlightsâ”‚A Social Content Creator","A story of a social content creator, Joan. She enjoys the variety of entertainment options in the IONIQ 6 and socializes with the ..."
"Where Did Mercedes&#39; Sidepods Go?! ğŸ˜³ #Shorts","Mercedes rocked up on Bahrain with minimalist sidepods... could this be the trend of 2022? For more F1Â® videos, visit http://www."
"[ I AM DESKER x I AM ê°•ë¯¼ê²½ğŸ’– Short ver.]","ê°€ìˆ˜, ìœ íŠœë²„, CEO ë“± ë‹¤ì¬ë‹¤ëŠ¥í•œ Nì¡ëŸ¬ì˜ ì‚¶ì„ ì‚¬ëŠ” ê°•ë¯¼ê²½ì˜ ì‹œì‘ê³¼ ì„±ì¥ ìŠ¤í† ë¦¬âœ¨ â€œì €ëŠ” í˜¸ê¸°ì‹¬ì´ ì •ë§ ë§ì€ ì‚¬ëŒì¸ ê²ƒ ê°™ì•„ìš”."
"[13íšŒ ì˜ˆê³ ] &quot;ë‹¹ì‹ ì´ ë¯¼ì„¤ì•„ ì—„ë§ˆë¼ëŠ” ê±¸ ë§í•´&quot; ì´ì§€ì•„ ì••ë°•í•˜ëŠ” ë¡œê±´ ë¦¬ ë°•ì€ì„! ã€ŠíœíŠ¸í•˜ìš°ìŠ¤ / ìŠ¤ë¸ŒìŠ¤ìºì¹˜ã€‹","[ìŠ¤ë¸ŒìŠ¤ìºì¹˜] êµ¬ë…í•˜ê¸°â–·https://goo.gl/bnT3WD ã€ˆíœíŠ¸í•˜ìš°ìŠ¤ã€‰ 13íšŒ ì˜ˆê³ ì…ë‹ˆë‹¤. ìŠ¤ë¸ŒìŠ¤ìºì¹˜ í˜ì´ìŠ¤ë¶ â–· https://goo.gl/MYWh4V ìŠ¤ ..."
"The Mariners had that MLB The Show Showdown fielding in extras vs. the Yankees","Insane defense! Don't forget to subscribe! https://www.youtube.com/mlb Follow us elsewhere too: Twitter: https://twitter.com/MLB ..."
"The Irony of Bonsai #Shorts","The drastic work on this elm bonsai is part of the irony of bonsai #bonsai Gro Bonsai socials: Instagram: ..."
"When Del Potro&#39;s Forehand EXPLODES!","Is Juan Martin Del Potro's forehand the biggest in tennis history? #Shorts SUBSCRIBE to our channel for the best ATP tennis ..."
"LG í“¨ë¦¬ì¼€ì–´ ì˜¤ë¸Œì œì»¬ë ‰ì…˜ : ì‚´ê· í•´ì„œ ë” ê¹¨ë—í•œ ë“€ì–¼ ì •ìˆ˜ê¸° í¸","ì •ìˆ˜ê¸°ìš”? ë‹¹ì—°íˆ ì‚´ê· ë˜ëŠ” ê±° ì¨ì•¼ì£  ì•„ì´ë„ ë§ˆì‹œëŠ” ë¬¼ì´ë‹ˆê¹Œ í•„í„°ë¶€í„° ì¶œìˆ˜êµ¬ê¹Œì§€ êµ­ë‚´ ìµœì´ˆ ê³ ì˜¨ ì‚´ê·  ì‹ì¬ë£Œì™€ ì¡°ë¦¬ë„êµ¬ë„ ëŠ˜ ..."
"IONIQ Concept â€˜SEVENâ€™ | Live in SEVEN â€“ Part 4. Daughter and Family","Introducing the IONIQ Concept 'SEVEN'. SEVEN Concept is designed to support both your 'Me Time' and 'Family Time'. For this ..."
"The Center Deal! #shorts","SEE ME PERFORM LIVE IN NYC: https://parlourofdeceptions.com ONLINE COURSE ON CARD MAGIC: ..."
"&#39;ì›”ë“œí´ë˜ìŠ¤&#39; ì†í¥ë¯¼, ì•„ë§ˆì¶”ì–´íŒ€ê³¼ ì¡°ê¸°ì¶•êµ¬ ê²½ê¸° ì¶œì „ / YTN","ë²¤íˆ¬í˜¸ì˜ ì£¼ì¥ì´ì í”„ë¦¬ë¯¸ì–´ë¦¬ê·¸ í† íŠ¸ë„˜ì˜ ê³µê²©ìˆ˜ ì†í¥ë¯¼ ì„ ìˆ˜ê°€ ì•„ë§ˆì¶”ì–´íŒ€ê³¼ì˜ ì¡°ê¸° ì¶•êµ¬ ê²½ê¸°ì— ì¶œì „í–ˆìŠµë‹ˆë‹¤. ì†í¥ë¯¼ì€ ê²½ê¸°ë„ ..."
"[5íšŒ ì˜ˆê³ ] &quot;ê°‘ì§ˆ íšŒì‚¬ ë‹¤ë‹ˆê³  ë§ ê±°ì˜ˆìš”!&quot; ì´ì œí›ˆ ì‚¬ì´ë‹¤ ì°¸êµìœ¡ ìœ„í•´ ë˜ ì ì…! #ëª¨ë²”íƒì‹œ #SBSCatch","[ìŠ¤ë¸ŒìŠ¤ìºì¹˜] êµ¬ë…í•˜ê¸°â–·https://goo.gl/bnT3WD ã€ˆëª¨ë²”íƒì‹œã€‰ 5íšŒ ì˜ˆê³ ì…ë‹ˆë‹¤. #ëª¨ë²”íƒì‹œ #SBSCatch ìŠ¤ë¸ŒìŠ¤ìºì¹˜ í˜ì´ìŠ¤ë¶ ..."
"LG í“¨ë¦¬ì¼€ì–´ ì˜¤ë¸Œì œì»¬ë ‰ì…˜ : 2022 ì •ìˆ˜ê¸°ëŠ¥ë ¥í‰ê°€ ìˆ˜í•™ì˜ì—­ í¸","2022 ì •ìˆ˜ê¸° ëŠ¥ë ¥ í‰ê°€ ìˆ˜í•™ì˜ì—­ ë¼ë©´ì´ ë•¡ê¸°ëŠ” ë°¤ ë§›ìˆê²Œ ë“ì´ê¸° ìœ„í•œ ë¼ë©´ë¬¼ì˜ ì ì •ëŸ‰ 550ml ë‹¤ìŒ ì¤‘, ë” ê°„í¸í•œ ë¬¼ ì¡°ì ˆ ë°©ë²•ì€?"
"[15íšŒ ì˜ˆê³ ] &quot;í•œì„±í˜œì— ëŒ€í•´ì„œ ìš°ë¦¬ ëª¨ë‘ ëª¨ë¥´ëŠ” ë­”ê°€ê°€ ë” ìˆë‹¤ê³ ..&quot; ì´í•˜ëŠ¬ ë¹ŒëŸ° ì§„ì„œì—°ì˜ ì§„ì‹¤ì— í•œê±¸ìŒ ë‹¤ê°€ê°ˆê¹Œ? #ì›ë”ìš°ë¨¼ #SBSCatch","[ìŠ¤ë¸ŒìŠ¤ìºì¹˜] êµ¬ë…í•˜ê¸°â–·https://goo.gl/bnT3WD ã€ˆì›ë”ìš°ë¨¼ã€‰15íšŒ ì˜ˆê³ ì…ë‹ˆë‹¤. #ì›ë”ìš°ë¨¼ # #SBSCatch ìŠ¤ë¸ŒìŠ¤ìºì¹˜ í˜ì´ìŠ¤ë¶ ..."
"LG ThinQ : Simplify your life with â€œThinQ Extendâ€ | LG","Smart buy, smarter lifestyle LG ThinQ offers lifestyle contents & useful tips and reasonable monthly payment option. Simplify your ..."
"[1íšŒ ì˜ˆê³ ] &quot;ì „ ì´ ìë¦¬ë¥¼ ì›í•´ì„œ ë‚˜ì˜¨ ê²Œ ì•„ë‹ˆì—ìš”&quot; ì†¡í˜œêµXì¥ê¸°ìš©, ì²« ë§Œë‚¨ë¶€í„° ìœ¼ë¥´ë  ì¼€ë¯¸ í­ë°œ!  #ì§€ê¸ˆí—¤ì–´ì§€ëŠ”ì¤‘ì…ë‹ˆë‹¤ #SBSCatch","[ìŠ¤ë¸ŒìŠ¤ìºì¹˜] êµ¬ë…í•˜ê¸°â–·https://goo.gl/bnT3WD ã€ˆì§€ê¸ˆ, í—¤ì–´ì§€ëŠ” ì¤‘ì…ë‹ˆë‹¤ã€‰ 1íšŒ ì˜ˆê³ ì…ë‹ˆë‹¤. #ì§€ê¸ˆí—¤ì–´ì§€ëŠ”ì¤‘ì…ë‹ˆë‹¤ #SBSCatch ..."
"ğŸ‡ºğŸ‡¸ë¯¸êµ­ &amp; ì˜êµ­ğŸ‡¬ğŸ‡§ ë‚¨ë§¤í¸  l  American &amp; British - Brother and Sister","í•´ì„ ìë§‰â€¼ï¸ ì•ˆë…•í•˜ì„¸ìš” í•«í”Œë ˆì´ìŠ¤ì…ë‹ˆë‹¤! ì§€ë‚œë²ˆ ê°€ì„ê°€ì„í•œ ë¯¸êµ­&ì˜êµ­ ì»¤í”Œ í¸ì— ì´ì–´ì„œ ì´ë²ˆì—” ê²¨ìš¸ê²¨ìš¸ ë‚¨ë§¤ í¸ì„ ..."
"[6íšŒ ì˜ˆê³ ] &quot;íƒœë¸”ë¦¿ PC ì—´ì–´&quot;  ì´í•˜ëŠ¬Xì§„ì„œì—° ì‚´ë²Œí•œ ê¸°ì‹¸ì›€ìœ¼ë¡œ ëŒ€ì¹˜! #ì›ë”ìš°ë¨¼ #SBSCatch","[ìŠ¤ë¸ŒìŠ¤ìºì¹˜] êµ¬ë…í•˜ê¸°â–·https://goo.gl/bnT3WD ã€ˆì›ë”ìš°ë¨¼ã€‰ 6íšŒ ì˜ˆê³ ì…ë‹ˆë‹¤. #ì›ë”ìš°ë¨¼ # #SBSCatch ìŠ¤ë¸ŒìŠ¤ìºì¹˜ í˜ì´ìŠ¤ë¶ ..."
"[5íšŒ ì˜ˆê³ ] &quot;ë¬´ìŠ¨ ë˜ë¼ì´ ì§“ì„ í•˜ê³  ìˆëŠ” ê±°ì•¼ ë˜..&quot;  ìœ„ê¸°ì˜ ì—°ì†ì¸ ì´í•˜ëŠ¬Xì´ìƒìœ¤ ì½¤ë¹„!  #ì›ë”ìš°ë¨¼ #SBSCatch","[ìŠ¤ë¸ŒìŠ¤ìºì¹˜] êµ¬ë…í•˜ê¸°â–·https://goo.gl/bnT3WD ã€ˆì›ë”ìš°ë¨¼ã€‰ 5íšŒ ì˜ˆê³ ì…ë‹ˆë‹¤. #ì›ë”ìš°ë¨¼ # #SBSCatch ìŠ¤ë¸ŒìŠ¤ìºì¹˜ í˜ì´ìŠ¤ë¶ ..."
"LG ThinQ : Simplify your life with â€œThinQ Routineâ€ | LG","Automation to fit your lifestyle With LG ThinQ, your home is on your terms. Automate the smart-home devices and settings all at ..."
"All About ThinQ #09 â€œOur Paradise â€ | Routine","Complex routines simplified with LG ThinQ Routine. Make your home just the way you want. Change a group of home settings all ..."
"BESPOKE Jetâ„¢: All New Bespoke Jetâ„¢ TVC | Samsung","Made a messâ€¦? Let's Jet it. The all-new Bespoke Jetâ„¢ is 24% lighter, superrrrcharged and ready to clean up the messiest of ..."
"Young Lady and Gentleman | ì‹ ì‚¬ì™€ ì•„ê°€ì”¨ EP27 [Previewã…£KBS WORLD TV]","Young Lady and Gentleman | ì‹ ì‚¬ì™€ ì•„ê°€ì”¨ EP27 [Previewã…£KBS WORLD TV] ===== â• LEGEND Video ..."
"Destroying A Shoe For The Perfect Fit! Bespoke Gaziano &amp; Girling Shoes | #Shorts","Subscribe: https://www.youtube.com/kirbyallison Watch the full video here: https://youtu.be/OMKyiPSZ91k Join this channel to ..."
"[í‹°ì €3] ì†¡í˜œêµ ë¶™ì¡ëŠ” ì¥ê¸°ìš© &quot;ì™œ ëª¨ë¥¸ì²™í–ˆì–´ìš”?&quot; ì„¤ë ˜ í­ë°œí•˜ëŠ” í‹°í‚¤íƒ€ì¹´ğŸ’™ SBS ìƒˆ ê¸ˆí† ë“œë¼ë§ˆ &#39;ì§€ê¸ˆ, í—¤ì–´ì§€ëŠ” ì¤‘ì…ë‹ˆë‹¤&#39; #í‹°ì € #ì§€ê¸ˆí—¤ì–´ì§€ëŠ”ì¤‘ì…ë‹ˆë‹¤ #SBSCatch","[ìŠ¤ë¸ŒìŠ¤ìºì¹˜] êµ¬ë…í•˜ê¸°â–·https://goo.gl/bnT3WD 'ì´ë³„'ì´ë¼ ì“°ê³  'ì‚¬ë‘'ì´ë¼ ì½ëŠ” ë‹¬ê³  ì§œê³  ë§µê³  ì‹œê³  ì“´ ì´ë³„ ì•¡ì¸„ì–¼ë¦¬ ã€ˆì§€ê¸ˆ, í—¤ì–´ì§€ ..."
"á„á…®á„‹á…®á†·á„‡á…¡á„…á…¡á„†á…§á†« á„†á…¡á†«á„ƒá…³á†¯á„€á…µ Toowoomba Ramen","íˆ¬ì›€ë°”ë¼ë©´ ë§Œë“œëŠ” ë°©ë²• #shorts."
"Quick - before - race chainring swap. How to replace Sram XX1 chainring. 1x11 drivetrain. #shorts","SRAM XX1 drivetrain tutorial - how to remove chainring and install new one. @SuperBTools in action. #shorts Free Bike Service ..."
"Advanced Wi-Fi Settings: How to protect your connection in public | Samsung","Some Wi-Fi networks are safer than others. Learn how to activate Secure Wi-Fi on your Galaxy device. Discover more: ..."
"ìœ ìŠ¹ë¯¼ &quot;ìœ¤ë¦¬ìœ„Â·ìœ¤í•µê´€ë“¤ ì¡°í­ ê°™ì•„&quot;...ï§¡ ì§•ê³„ ë¹„íŒ / YTN","êµ­ë¯¼ì˜í˜ ìœ ìŠ¹ë¯¼ ì „ ì˜ì›ì€ ì´ì¤€ì„ ë‹¹ ëŒ€í‘œê°€ ì¤‘ì§•ê³„ë¥¼ ë°›ì€ ê²ƒê³¼ ê´€ë ¨í•´ ìœ¤ë¦¬ìœ„ì›íšŒë‚˜ ìœ¤í•µê´€ë“¤ì„ ë³´ë©´ ì¡°í­ ê°™ë‹¤ë©° ê±°ì„¸ê²Œ ë¹„íŒ ..."
"IONIQ Concept â€˜SEVENâ€™ | Live in SEVEN â€“ Part 3. Mom","Introducing the IONIQ Concept 'SEVEN'. SEVEN Concept takes your 'Me Time' to a whole new level. With its various Interior ..."
"IONIQ 6 Themed Rooms in Streamlined Studio | available on Roblox","Experience the IONIQ 6 Studio in Roblox Mobility Adventure: Six themed rooms with the IONIQ 6. Which one will be your favorite?"
"LG í“¨ë¦¬ì¼€ì–´ ì—ì–´ë¡œíƒ€ì›Œ ì˜¤ë¸Œì œì»¬ë ‰ì…˜ - ì„¸ìƒì— ì—†ë˜ ì—ì–´ë¡œíƒ€ì›Œ í¸","ì„¤ë  ê±°ì˜ˆìš” ì²˜ìŒì´ë‹ˆê¹Œ ì´ê±´ ë°”ë¡œ ì—ì–´ë¡œíƒ€ì›Œ ê³µê¸°ë¥¼ ê¹¨ë—í•˜ê²Œ ì²­ì •í•˜ì—¬ ë•Œë¡œëŠ” ë”°ëœ»í•˜ê²Œ ë•Œë¡œëŠ” ì‹œì›í•˜ê²Œ ì´ëŸ° ì—ì–´ëŠ” ì²˜ìŒì´ì£ ?"
"This move has transformed 1,000&#39;s of swings!  #shorts #golfswing #golf #ericcogorno","shorts GET YOUR 14-DAY FREE TRIAL OF COGORNO GOLF! https://www.cogornogolf.com Let's start working together on your ..."
"IONIQ 6 Digital World Premiere Highlightsâ”‚A Sustainable Artist","A story of a sustainable artist, Mia. In IONIQ 6, she experiences stress-free driving and uses this space for healing. Awaken Your ..."
"IONIQ 6 Digital World Premiere Highlightsâ”‚A Metaverse Designer","A story of a metaverse designer, Fredrik. In IONIQ 6, he enjoys fun driving and uses this space for work. Awaken Your World ..."
"Did Wednesday Lie? ğŸ’€","Did the hit Netflix show Wednesday exaggerate Piranhas? Wednesday Addams drops two large bags of Piranha into a pool they ..."
"Galaxy Buds: How to set up and use Quick ambient sound | Samsung","Tune in at a touch. Learn how to switch to hearing ambient sound quickly when you need to. Discover more: ..."
"Â¿CuÃ¡nto es 10-10x10+10? Solo para genios.",""
"Galaxy Note10: How to shoot Super steady videos | Samsung","Catch all the action, without the shakes. Learn how to shoot Super steady videos on the new Galaxy Note10. Discover more: ..."
"ğŸ¥ BAD TIMES AT THE EL ROYALE (2018) | Full Movie Trailer | Full HD | 1080p","Circa 1969, several strangers, most with a secret to bury, meet by chance at Lake Tahoe's El Royale, a rundown hotel with a dark ..."
"LG ThinQ  :  ìš°ë¦¬ ì§‘ ê°€ì „ ThinQë¡œ ì œëŒ€ë¡œ ì“°ëŠ” ë²• &quot;ëª¨ë“œ&quot; í¸","ìš°ë¦¬ ì§‘ ê°€ì „ ThinQë¡œ ì œëŒ€ë¡œ ì“°ëŠ” ë²• 1. ì›í•˜ëŠ” ëª¨ë“œ ì„ íƒ 2. ì„ íƒëœ ëª¨ë“œë¥¼ ì‹¤í–‰ 3. í•œ ë²ˆì— ì•Œì•„ì„œ ë™ì‘ ë‚˜ë§Œ ëª°ëì–´? ì§€ê¸ˆ ThinQ ì•±ì„ ..."
"LG ThinQ : ìš°ë¦¬ì§‘ ê°€ì „ ThinQë¡œ ì œëŒ€ë¡œ ì“°ëŠ” ë²• &quot;ìƒí™œì—°êµ¬ì†Œ&quot; í¸","ìš°ë¦¬ ì§‘ ê°€ì „ ThinQë¡œ ì œëŒ€ë¡œ ì“°ëŠ” ë²• 1. ThinQì—ë§Œ ìˆëŠ” ì „ë¬¸ê°€ì˜ ì†”ë£¨ì…˜ í™•ì¸ 2. ì¶”ì²œë°›ì€ ì½”ìŠ¤ í´ë¦­ 3. ì„¸íƒê¸°ì— ì „ì†¡ ë‚˜ë§Œ ëª°ëì–´?"
"ì‚¬ì‹¤ ì•…í”ŒëŸ¬ê°€ ì§ë‚¨ì´ë¼ëŠ” ê²ƒì„ ì•Œê³  ì¶©ê²©ë°›ì€ í•œì§€í˜„ #ì†í•´ë³´ê¸°ì‹«ì–´ì„œ","í‹°ë¹™ì—ì„œ ìŠ¤íŠ¸ë¦¬ë° : https://tving.onelink.me/xHqC/30a78d6f ë°¥ì¹œêµ¬   í•˜ê¸° ì¢‹ì€ ë“œë¼ë§ˆ ã€ˆì†í•´ ë³´ê¸° ì‹«ì–´ì„œã€‰ ì†í•´ ë³´ê¸° ì‹«ì–´ì„œ ..."
"SesiÃ³n Plenaria - 18/09/2024","SuscrÃ­bete a nuestro canal de OKDIARIO en Youtube aquÃ­ @Okdiariovideos Puedes seguirnos tambiÃ©n en todas nuestras ..."
"LG ThinQ : ìš°ë¦¬ì§‘ ê°€ì „ ThinQë¡œ ì œëŒ€ë¡œ ì“°ëŠ” ë²• &quot;ì¸ê³µì§€ëŠ¥ ì¿¡&quot; í¸","ìš°ë¦¬ ì§‘ ê°€ì „ ThinQë¡œ ì œëŒ€ë¡œ ì“°ëŠ” ë²• 1. ë°”ì½”ë“œ ìŠ¤ìº” 2. ì¡°ë¦¬ ì •ë³´ë¥¼ ì˜¤ë¸ì— ì „ì†¡ 3. ì†ì‰½ê²Œ ë§›ìˆëŠ” ìŒì‹ ì™„ì„± ë‚˜ë§Œ ëª°ëì–´? ì§€ê¸ˆ ThinQ ..."
"ë§ˆìŒì— ìœ„ë¡œì™€ í‰ì•ˆì„ ì£¼ëŠ” ì°¬ì–‘ ëª¨ìŒ / CCM í”¼ì•„ë…¸ ì—°ì£¼ ëª¨ìŒ/ CCM Piano Instrumental","ë§ˆìŒì— ìœ„ë¡œì™€ í‰ì•ˆì„ ì£¼ëŠ” ì°¬ì–‘ ëª¨ìŒ / CCM í”¼ì•„ë…¸ ì—°ì£¼ ëª¨ìŒ/ CCM Piano Instrumental ë§ˆìŒì— ìœ„ë¡œì™€ í‰ì•ˆì„ ì£¼ëŠ” ì°¬ì–‘ ëª¨ìŒ / CCM ..."
"ğŸŒ•ğŸ¥ŸğŸŒ• ğŸ‘ˆ ğŸ¶ #StrayKids #ìŠ¤íŠ¸ë ˆì´í‚¤ì¦ˆ #í˜„ì§„ #Hyunjin #ìŠ¹ë¯¼ #Seungmin #YouMakeStrayKidsStay","StrayKids #ìŠ¤íŠ¸ë ˆì´í‚¤ì¦ˆ #í˜„ì§„ #Hyunjin #ìŠ¹ë¯¼ #Seungmin #YouMakeStrayKidsStay Listen to ""ATE"" now   ..."
"SUEÃ‘O PROFUNDO MÃºsica para dormir RÃ¡pido Y Profundamente, MÃºsica que te Ayudara Dormir RÃ¡pidamente","SUEÃ‘O PROFUNDO MÃºsica para dormir RÃ¡pido Y Profundamente, MÃºsica que te Ayudara Dormir RÃ¡pidamente. Flow Me: ..."
"[ìŠ¤í˜ì…œ í‹°ì €] 2022ë…„ SBS ìƒˆ ë“œë¼ë§ˆ &#39;ì™œ ì˜¤ìˆ˜ì¬ì¸ê°€&#39; ì„œí˜„ì§„Xí™©ì¸ì—½ì˜ ë¯¸ìŠ¤í„°ë¦¬ ë©œë¡œ(LAW)  #SBSCatch","[ìŠ¤ë¸ŒìŠ¤ìºì¹˜] êµ¬ë…í•˜ê¸°â–·https://goo.gl/bnT3WD ì„±ê³µë§Œì„ ì¢‡ë‹¤ ì†ì´ í…… ë¹„ì–´ë²„ë¦° ì°¨ê°€ìš´ ë³€í˜¸ì‚¬ ì˜¤ìˆ˜ì¬ì™€, ê·¸ëŸ° ê·¸ë…€ë¥¼ ì§€í‚¤ê¸° ìœ„í•´ì„œ ..."
"[3íšŒ ì˜ˆê³ ] ìµœìš°ì‹ğŸ§¡ê¹€ë‹¤ë¯¸, ì—­ì£¼í–‰ ë¡œë§¨ìŠ¤ ë³¸ê²©ì ìœ¼ë¡œ ì‹œì‘! #ê·¸í•´ìš°ë¦¬ëŠ” #SBSCatch","[ìŠ¤ë¸ŒìŠ¤ìºì¹˜] êµ¬ë…í•˜ê¸°â–·https://goo.gl/bnT3WD ã€ˆê·¸ í•´ ìš°ë¦¬ëŠ”ã€‰ 3íšŒ ì˜ˆê³ ì…ë‹ˆë‹¤. #ê·¸í•´ìš°ë¦¬ëŠ” #SBSCatch ìŠ¤ë¸ŒìŠ¤ìºì¹˜ í˜ì´ìŠ¤ë¶ ..."
"[3íšŒ ì˜ˆê³ ] &quot;ì´ëŸ° ê°€ì§œ ì—°ì•  ë§ê³  ì§„ì§œ ì—°ì•  í•´ë´ìš”&quot; ì•ˆíš¨ì„­Xê¹€ì„¸ì • ê³„ì•½ ì—°ì•  ë, ì§„ì§œ ì—°ì•  ì‹œì‘? #ì‚¬ë‚´ë§ì„  #SBSCatch","[ìŠ¤ë¸ŒìŠ¤ìºì¹˜] êµ¬ë…í•˜ê¸°â–·https://goo.gl/bnT3WD ã€ˆì‚¬ë‚´ë§ì„ ã€‰ 3íšŒ ì˜ˆê³ ì…ë‹ˆë‹¤. #ì‚¬ë‚´ë§ì„  #SBSCatch ìŠ¤ë¸ŒìŠ¤ìºì¹˜ í˜ì´ìŠ¤ë¶ ..."
"ğŸ•µï¸ğŸ¹ğŸ¶ğŸ¸ #KEY #í‚¤ #ìƒ¤ì´ë‹ˆ #PleasureShop #KEY_PleasureShop #PleasureShopChallenge #ANYUJIN #ì•ˆìœ ì§„ #IVE #ì•„ì´ë¸Œ","KEY #í‚¤ #SHINee #ìƒ¤ì´ë‹ˆ #PleasureShop #KEY_PleasureShop #PleasureShopChallenge #ANYUJIN #ì•ˆìœ ì§„ #IVE #ì•„ì´ë¸Œ ..."
"[7íšŒ ì˜ˆê³ ] &quot;ì™œ ë‚¨ì¹œ ë…¸ë¦‡ í•œ ê±´ì§€ ì •ë§ ëª¨ë¥´ê² ìŠµë‹ˆê¹Œ?&quot; ì•ˆíš¨ì„­, ê¹€ì„¸ì • ë§ˆìŒ ë…¹ì¼ê¹Œ? #ì‚¬ë‚´ë§ì„  #SBSCatch","[ìŠ¤ë¸ŒìŠ¤ìºì¹˜] êµ¬ë…í•˜ê¸°â–·https://goo.gl/bnT3WD ã€ˆì‚¬ë‚´ë§ì„ ã€‰ 7íšŒ ì˜ˆê³ ì…ë‹ˆë‹¤. #ì‚¬ë‚´ë§ì„  #SBSCatch ìŠ¤ë¸ŒìŠ¤ìºì¹˜ í˜ì´ìŠ¤ë¶ ..."
"[13íšŒ ì˜ˆê³ ] &quot;ë‹¤ì‹œ í—¤ì–´ì§ˆ í™•ë¥ ì´ ë†’ëŒ€...&quot; ìµœìš°ì‹â¤ê¹€ë‹¤ë¯¸, 24ì‹œê°„ ê½ëƒ¥ëª¨ë“œë„ ë¶€ì¡±í•´ì„œ í—¤ì–´ì§ ê±±ì •? #ê·¸í•´ìš°ë¦¬ëŠ” #SBSCatch","[ìŠ¤ë¸ŒìŠ¤ìºì¹˜] êµ¬ë…í•˜ê¸°â–·https://goo.gl/bnT3WD ã€ˆê·¸ í•´ ìš°ë¦¬ëŠ”ã€‰ 13íšŒ ì˜ˆê³ ì…ë‹ˆë‹¤. #ê·¸í•´ìš°ë¦¬ëŠ” #SBSCatch ìŠ¤ë¸ŒìŠ¤ìºì¹˜ í˜ì´ìŠ¤ë¶ ..."
"[10íšŒ ì˜ˆê³ ] &quot;ìš°ë¦¬ íƒœë¬´ ë§Œë‚˜ì§€ ë§ì•„ìš”&quot; ì•ˆíš¨ì„­â™¥ê¹€ì„¸ì • ìˆœíƒ„ì¹˜ ì•Šì€ ì—°ì• ã… ã…  #ì‚¬ë‚´ë§ì„  #SBSCatch","[ìŠ¤ë¸ŒìŠ¤ìºì¹˜] êµ¬ë…í•˜ê¸°â–·https://goo.gl/bnT3WD ã€ˆì‚¬ë‚´ë§ì„ ã€‰ 10íšŒ ì˜ˆê³ ì…ë‹ˆë‹¤. #ì‚¬ë‚´ë§ì„  #SBSCatch ìŠ¤ë¸ŒìŠ¤ìºì¹˜ í˜ì´ìŠ¤ë¶ ..."
"[1íšŒ ì˜ˆê³ ] &quot;ë‹¤íë©˜í„°ë¦¬ ì°ì, í•œ ë‹¬ ë™ì•ˆ&quot; ìŠ¤ë¬¼ì•„í™‰ ìµœìš°ì‹Xê¹€ë‹¤ë¯¸, ì²«ì‚¬ë‘ ì†Œí™˜ ë¡œë§¨ìŠ¤ &#39;ê·¸í•´ ìš°ë¦¬ëŠ”&#39; D-7! 12ì›” 6ì¼ ì²« ë°©ì†¡ğŸ’š #ê·¸í•´ìš°ë¦¬ëŠ” #SBSCatch","[ìŠ¤ë¸ŒìŠ¤ìºì¹˜] êµ¬ë…í•˜ê¸°â–·https://goo.gl/bnT3WD ã€ˆê·¸ í•´ ìš°ë¦¬ëŠ”ã€‰ 1íšŒ ì˜ˆê³ ì…ë‹ˆë‹¤. #ê·¸í•´ìš°ë¦¬ëŠ” #SBSCatch ìŠ¤ë¸ŒìŠ¤ìºì¹˜ í˜ì´ìŠ¤ë¶ ..."
"ì—°ì¤€ (YEONJUN) â€˜GGUMâ€™ Official Teaser","ì—°ì¤€ (YEONJUN) 'GGUM' Official Teaser Credits: Directed by 2eehyein (2eehyein film) Assistant Director : Minhee Lee, Youngmin ..."
"[12íšŒ ì˜ˆê³ ] &quot;ìš°ë¦¬ í—¤ì–´ì ¸ ì§€ë‚¼ ìˆ˜ ìˆì„ê¹Œìš”?&quot; ì•ˆíš¨ì„­â™¥ê¹€ì„¸ì • ì• í‹‹í•œ í¬ì˜¹ì˜ ì˜ë¯¸ëŠ”? #ì‚¬ë‚´ë§ì„  #SBSCatch","[ìŠ¤ë¸ŒìŠ¤ìºì¹˜] êµ¬ë…í•˜ê¸°â–·https://goo.gl/bnT3WD ã€ˆì‚¬ë‚´ë§ì„ ã€‰ 12íšŒ ì˜ˆê³ ì…ë‹ˆë‹¤. #ì‚¬ë‚´ë§ì„  #SBSCatch ìŠ¤ë¸ŒìŠ¤ìºì¹˜ í˜ì´ìŠ¤ë¶ ..."
"Audio by â€‹â @OneShotBards","dnd #wizard #fireball."
"[í‹°ì €2] ìµœìš°ì‹Xê¹€ë‹¤ë¯¸, 10ë…„ ë§Œì— ì¬íšŒí•œ í—¤ì–´ì§„ X!! ì²«ì‚¬ë‘ ì—­ì£¼í–‰ ë¡œë§¨ìŠ¤ &#39;ê·¸ í•´ ìš°ë¦¬ëŠ”&#39; 12ì›” 6ì¼ ì²« ë°©ì†¡ğŸ’› #ê·¸í•´ìš°ë¦¬ëŠ” #SBSCatch","[ìŠ¤ë¸ŒìŠ¤ìºì¹˜] êµ¬ë…í•˜ê¸°â–·https://goo.gl/bnT3WD í•¨ê»˜í•´ì„œ ë”ëŸ¬ì› ê³  ë‹¤ì‹  ë³´ì§€ ë§ì!ë¡œ ëë‚¬ì–´ì•¼ í•  ì¸ì—°ì´ 10ë…„ì´ í˜ëŸ¬ ì¹´ë©”ë¼ ì•ì— ..."
"[24.09.18] ì„±ì œì¤€ ì¡°ìƒê·œ ë³€í˜¸ì‚¬ ì¶œì—°",""
"[ìŠ¤í˜ì…œ ì„ ê³µê°œ] ì†Œê¿‰ë†€ì´í•˜ë˜ ì‹œì ˆ, ë°°ì„ë¥˜ê°€ ìµœìŠ¹íš¨ì—ê²Œ ë‚´ê±´ ì•½ì†â™¥ #ì—„ë§ˆì¹œêµ¬ì•„ë“¤ EP.11","í‹°ë¹™ì—ì„œ ìŠ¤íŠ¸ë¦¬ë° : https://tving.onelink.me/xHqC/30a78d6f ì˜¤ë¥˜ ë‚œ ì¸ìƒì„ ì¬ë¶€íŒ… í•˜ë ¤ëŠ” ì—¬ìì™€ ê·¸ì˜ ì‚´ì•„ìˆëŠ” í‘ì—­ì‚¬ì¸ 'ì—„ë§ˆì¹œêµ¬ ..."
"[7íšŒ ì˜ˆê³ ] &quot;ì¢‹ì•„ì„œìš”..ğŸ’œ&quot; ìµœìš°ì‹ì—ê²Œ ì§ì§„í•˜ëŠ” ë…¸ì •ì˜! ê¹€ë‹¤ë¯¸ ì‹¬ê²½ ë³€í™” ì˜¬ê¹Œ? #ê·¸í•´ìš°ë¦¬ëŠ” #SBSCatch","[ìŠ¤ë¸ŒìŠ¤ìºì¹˜] êµ¬ë…í•˜ê¸°â–·https://goo.gl/bnT3WD ã€ˆê·¸ í•´ ìš°ë¦¬ëŠ”ã€‰ 7íšŒ ì˜ˆê³ ì…ë‹ˆë‹¤. #ê·¸í•´ìš°ë¦¬ëŠ” #SBSCatch ìŠ¤ë¸ŒìŠ¤ìºì¹˜ í˜ì´ìŠ¤ë¶ ..."
"To Nesta with love ğŸ¤£","shorts #raiders #nfl #trending #reels #football #sports #funny #style #throwback #photo #trend."
"[í‹°ì €3] ìµœìš°ì‹â¤ê¹€ë‹¤ë¯¸, ì´ë³„ í›„ ì¬íšŒë¡œ ë” ì„¤ë ˆëŠ” ì²«ì‚¬ë‘ ì—­ì£¼í–‰ ë¡œë§¨ìŠ¤ &#39;ê·¸ í•´ ìš°ë¦¬ëŠ”&#39; 12ì›” 6ì¼ ì²« ë°©ì†¡ğŸ’™ #ê·¸í•´ìš°ë¦¬ëŠ” #SBSCatch","[ìŠ¤ë¸ŒìŠ¤ìºì¹˜] êµ¬ë…í•˜ê¸°â–·https://goo.gl/bnT3WD í•¨ê»˜í•´ì„œ ë”ëŸ¬ì› ê³  ë‹¤ì‹  ë³´ì§€ ë§ì!ë¡œ ëë‚¬ì–´ì•¼ í•  ì¸ì—°ì´ 10ë…„ì´ í˜ëŸ¬ ì¹´ë©”ë¼ ì•ì— ..."
"ë‹¹ê·¼ë§ˆì¼“ ì°½ê³¼ ë°©íŒ¨ (ë¦¬ë§ˆìŠ¤í„°ë§)","ìŠ¤ë‚µíƒ€ìš´ #ë‹¹ê·¼ #ë¦¬ë§ˆìŠ¤í„°ë§ ìŠ¤ë‚µíƒ€ìš´ : https://instagram.com/snacktowncomedy ê°•í˜„ì„ : https://instagram.com/kanghyeunseok ..."
"[8íšŒ ì˜ˆê³ ] &quot;ì•ˆ í—¤ì–´ì ¸ ìš°ë¦¬&quot; ìµœìš°ì‹â¤ê¹€ë‹¤ë¯¸ ë‹¤ì‹œ ê´€ê³„ íšŒë³µí• ê¹Œ? #ê·¸í•´ìš°ë¦¬ëŠ” #SBSCatch","[ìŠ¤ë¸ŒìŠ¤ìºì¹˜] êµ¬ë…í•˜ê¸°â–·https://goo.gl/bnT3WD ã€ˆê·¸ í•´ ìš°ë¦¬ëŠ”ã€‰ 8íšŒ ì˜ˆê³ ì…ë‹ˆë‹¤. #ê·¸í•´ìš°ë¦¬ëŠ” #SBSCatch ìŠ¤ë¸ŒìŠ¤ìºì¹˜ í˜ì´ìŠ¤ë¶ ..."
"[8íšŒ ì˜ˆê³ ] &quot;ì•ˆ í—¤ì–´ì ¸ ìš°ë¦¬&quot; ìµœìš°ì‹â¤ê¹€ë‹¤ë¯¸ ë‹¤ì‹œ ê´€ê³„ íšŒë³µí• ê¹Œ? #ê·¸í•´ìš°ë¦¬ëŠ” #SBSCatch","[ìŠ¤ë¸ŒìŠ¤ìºì¹˜] êµ¬ë…í•˜ê¸°â–·https://goo.gl/bnT3WD ã€ˆê·¸ í•´ ìš°ë¦¬ëŠ”ã€‰ 8íšŒ ì˜ˆê³ ì…ë‹ˆë‹¤. #ê·¸í•´ìš°ë¦¬ëŠ” #SBSCatch ìŠ¤ë¸ŒìŠ¤ìºì¹˜ í˜ì´ìŠ¤ë¶ ..."
"History&#39;s Dumbest Duels: Artist vs Critic | Extra History #shorts","For more wierd animated history check out our series on Secret Societies here - https://youtu.be/qmv7BhKEDUo * Watch us ..."
"KÃ¶tÃ¼ Kan 3. BÃ¶lÃ¼m 3. FragmanÄ± | Oktay&#39;Ä± Kaybettik!","KÃ¶tÃ¼ Kan 3. BÃ¶lÃ¼m 3. FragmanÄ± | Oktay'Ä± Kaybettik! KÃ¶tÃ¼ Kan Her Cuma 20.00'de NOW'da! ""KÃ¶tÃ¼ Kanâ€, bir gece kulÃ¼bÃ¼nÃ¼n ..."
"[11íšŒ ì˜ˆê³ ] &quot;ì‚¬í‘œ ë‚´ê³  ë– ë‚˜ìš”&quot; ì•ˆíš¨ì„­ê³¼ í—¤ì–´ì§€ë¼ëŠ” ë§ì— ê¹€ì„¸ì • ë©˜ë¶•ğŸ˜¥ #ì‚¬ë‚´ë§ì„  #SBSCatch","[ìŠ¤ë¸ŒìŠ¤ìºì¹˜] êµ¬ë…í•˜ê¸°â–·https://goo.gl/bnT3WD ã€ˆì‚¬ë‚´ë§ì„ ã€‰ 11íšŒ ì˜ˆê³ ì…ë‹ˆë‹¤. #ì‚¬ë‚´ë§ì„  #SBSCatch ìŠ¤ë¸ŒìŠ¤ìºì¹˜ í˜ì´ìŠ¤ë¶ ..."
"LG í“¨ë¦¬ì¼€ì–´ ì˜¤ë¸Œì œì»¬ë ‰ì…˜ : 2022 ì •ìˆ˜ê¸°ëŠ¥ë ¥í‰ê°€ ë§í•˜ê¸°ì˜ì—­ ê°€í˜• í¸","LGì „ì ê³µì‹ í™ˆí˜ì´ì§€ë¥¼ í†µí•´ '2022 ì •ìˆ˜ê¸° ëŠ¥ë ¥í‰ê°€' ì´ë²¤íŠ¸ì— ì°¸ì—¬ í•´ì£¼ì„¸ìš”! â–·ì´ë²¤íŠ¸ ìì„¸íˆ ë³´ê¸°: https://bit.ly/3wDCOOj 2022 ..."
"My mom sets me on a date WITH CHADğŸ˜± #mom #foryou",""
"ì¶”ì„ ì—°íœ´ ë§ˆì§€ë§‰ ë‚ , ì•„ì§ë„ ì¶œë²” ëª»í•œ ì—¬Â·ì•¼Â·ì˜Â·ì • í˜‘ì˜ì²´ (20240918 ìˆ˜ìš”ì¼ ë°©ì†¡) ë°•ì§„ì˜ ê°•ìˆ˜ì˜","ë”ì°©í•œë³´í—˜ âœ¨ ë¯¿ì„ ìˆ˜ ìˆë‹¤! ë”ì°©í•œë³´í—˜ ì˜ˆì•½ í›„ ì „êµ­ ë¬´ë£Œ ë°©ë¬¸ìƒë‹´ ê°€ëŠ¥ ëŒ€í‘œë²ˆí˜¸ 1644-1236 / 010-7612-3303 #ëª¨ì…˜ì˜ì› ..."
"[ë³¸] ì¶”ì„ ë¯¼ì‹¬ì€ &quot;ìœ¤ì„ì—´ íƒ„í•µ&quot; / ì´ì¬ëª…ì˜ ê³ ë¯¼ / ì‚¬ê³¼ë„ ì—†ëŠ” íŒŒë ´ì¹˜í•œ ë‚˜ëŒ€ê¸° ì—¬ë¡  ìµœì•… / êµ¬ê¸‰ëŒ€ì› ì…í‹€ë§‰ / êµ°ëŒ€ê°€ ì•„ë‹ˆë¼ ê²½ì œë‹¤ ë“±","ìƒˆë‚  ì •ê¸°êµ¬ë… í•˜ê¸°: https://zrr.kr/fL02 ìƒˆë‚ ë§ˆì¼“ ë°”ë¡œê°€ê¸° : https://www.saenalmarket.com ìƒˆë‚  ARS ë©¤ë²„ì‹­ ê°€ì…í•˜ê¸°: 1877-0629 ..."
"[1ì°¨ í‹°ì €] SBS ìƒˆ ê¸ˆí† ë“œë¼ë§ˆ &#39;ì™œ ì˜¤ìˆ˜ì¬ì¸ê°€&#39; ìˆ¨ë© ìœ ë°œ ì•„ì°”í•œ í‹°ì € ê³µê°œ! #ì™œì˜¤ìˆ˜ì¬ì¸ê°€ #SBSCatch","[ìŠ¤ë¸ŒìŠ¤ìºì¹˜] êµ¬ë…í•˜ê¸°â–·https://goo.gl/bnT3WD 'ì‚´ê¸° ìœ„í•´, ê°€ì¥ ìœ„ì—ì„œ, ë” ë…í•˜ê²Œ' ì„±ê³µë§Œì„ ì¢‡ë‹¤ ì†ì´ í…… ë¹„ì–´ë²„ë¦° ì°¨ê°€ìš´ ë³€í˜¸ì‚¬ ..."
"ê°‘ìˆœì´ íŠ¸ë¼ìš°ë§ˆ","ì§„ë—ê°œ #ì‚¼ìš©ì´ #ê°‘ìˆœì´ Music provided by ë¸Œê¸ˆëŒ€í†µë ¹ Track : ì˜¤ì˜ˆ ë´„ì´ë‹¤!! - https://youtu.be/v6WhPBtAmJg."
"í˜ì´ ë°˜ëŒ€ì¸ ì„¸ìƒ","ë¡œë¸”ë¡ìŠ¤ #ë¡œë¸”ê³„."
"[ìŠ¤í˜ì…œ í‹°ì €] 2022ë…„ SBS ìƒˆ ì›”í™” ë“œë¼ë§ˆ &#39;ì‚¬ë‚´ë§ì„ &#39; ì•ˆíš¨ì„­Xê¹€ì„¸ì • ë²”ìƒì¹˜ ì•Šì€ ë¡œì½” 2ì›” ì²« ë°©ì†¡ğŸ’› #SBSCatch","[ìŠ¤ë¸ŒìŠ¤ìºì¹˜] êµ¬ë…í•˜ê¸°â–·https://goo.gl/bnT3WD â€œë¶€ìºì˜ ì •ì²´ê°€ ë°œê°ë˜ë©´ ë³¸ìºëŠ” í•´ê³ ?â€ ì–¼êµ´ ì²œì¬ ëŠ¥ë ¥ë‚¨ CEOì™€ ì •ì²´ë¥¼ ì†ì¸ ë§ì„ ë…€ ..."
"[9íšŒ ì˜ˆê³ ] &quot;ê·¸ë ‡ë‹¤ê³  í•™ìƒ ì§‘ì— ì‚´ì•„?&quot; ì„œí˜„ì§„Xí™©ì¸ì—½ ë™ê±° ì‹œì‘! #ì™œì˜¤ìˆ˜ì¬ì¸ê°€ #SBSCatch","[ìŠ¤ë¸ŒìŠ¤ìºì¹˜] êµ¬ë…í•˜ê¸°â–·https://goo.gl/bnT3WD ã€ˆì™œ ì˜¤ìˆ˜ì¬ì¸ê°€ã€‰ 9íšŒ ì˜ˆê³ ì…ë‹ˆë‹¤. #ì™œì˜¤ìˆ˜ì¬ì¸ê°€ #SBSCatch ìŠ¤ë¸ŒìŠ¤ìºì¹˜ í˜ì´ìŠ¤ë¶ ..."
"What A Performance ğŸ’¥",""
"because WHY NOT #nevada #tiktok",""
"íŒ€ì¥ë‹˜ì´ ë¶€ë¦…ë‹ˆë‹¤ - ì§‘ì— ê°€ì§€ë§ˆ~ğŸ¶ã…£[í‚¤ìŠ¤ ì‹ìŠ¤ ì„¼ìŠ¤] #7í™” ì˜ˆê³ í¸ã…£ë””ì¦ˆë‹ˆ+","ë¯¼í›„ì™€ ì˜ˆìˆ ì€ ë°ì´íŠ¸ ì¤‘! í›„í›—....ë°©í•´í•˜ì§€ ë§ìêµ¬ìš”   ì´ˆê°ê° ë¡œë§¨í‹± ì½”ë¯¸ë”” [í‚¤ìŠ¤ ì‹ìŠ¤ ì„¼ìŠ¤] ë””ì¦ˆë‹ˆ+ì—ì„œ ì§€ê¸ˆ ìŠ¤íŠ¸ë¦¬ë° ì¤‘ â € #í‚¤ìŠ¤ ..."
"Harris talks about you. Trump talks about himself.",""
"He Trained His Damn HIP FLEXORS!ğŸ¤¯",""
"Easy Landscape Drawing in Procreate #Short","Procreate Short Tutorial! In this easy short Procreate tutorial, I will show you how you can draw a stylized landscape on your iPad."
"Make a 3D Letter in PROCREATE #Shorts - Quick Procreate Tutorial","Procreate Short Tutorial! In this short video I will show you how you can easily create this 3D letter effect in Procreate. Want more ..."
"I had a great conversation with this lady at the DNC",""
"Had fun making this #school #relatable #love #couple #shorts",""
"LG í“¨ë¦¬ì¼€ì–´ ì˜¤ë¸Œì œì»¬ë ‰ì…˜ : 2022 ì •ìˆ˜ê¸°ëŠ¥ë ¥í‰ê°€ ë””ìì¸ ì˜ì—­ í¸","2022 ì •ìˆ˜ê¸° ëŠ¥ë ¥ í‰ê°€ ë””ìì¸ì˜ì—­ ê¸°ë‹¤ë¦¬ë˜ í“¨ë¦¬ì¼€ì–´ê°€ ë„ì°©í–ˆëŠ”ë° ì •ìˆ˜ê¸°ë¥¼ ì„¸ë¡œë¡œ ë‘ê¸° ì• ë§¤í•˜ë‹¤ ì´ë•Œ, ë°”ê¿”ì•¼ í•  ê²ƒì€?"
"Fanum Gets Killed By Duke Dennis in Among Us ğŸ˜‚","Fanum Gets Killed By Duke Dennis in Among Us FOLLOW ME ON TWITCH: https://www.twitch.tv/fanum Follow My Socials: ..."
"PREGUNTAS FILOSOFICAS CHISTOSAS 63 - #shorts","Otras Redes: TIKTOK: pablobruschiok IG Y TWITCH: Pablobruschi CODIGO EPIC : Pablitobruschi SEGUI A MI CANAL DE ..."
"Have you ever witnessed a miracle?",""
"Poppy Playtime Catnap Transformation [Part 2]","poppyplaytimechapter1 #poppyplaytimechapter2 #poppyplaytimechapter3 #catnap #dogday #transformation #animation ..."
"[5íšŒ ì˜ˆê³ ] &quot;íšŒì¥ë‹˜ ì˜¤ì‹œë¼ê³  í•´&quot; ì„œí˜„ì§„, í—ˆì¤€í˜¸ì—ê²Œ ë…ê¸° í’ˆê³  ê·¸ë¦¬ëŠ” ë¹…í”½ì²˜! #ì™œì˜¤ìˆ˜ì¬ì¸ê°€ #SBSCatch","[ìŠ¤ë¸ŒìŠ¤ìºì¹˜] êµ¬ë…í•˜ê¸°â–·https://goo.gl/bnT3WD ã€ˆì™œ ì˜¤ìˆ˜ì¬ì¸ê°€ã€‰ 5íšŒ ì˜ˆê³ ì…ë‹ˆë‹¤. #ì™œì˜¤ìˆ˜ì¬ì¸ê°€ #SBSCatch ìŠ¤ë¸ŒìŠ¤ìºì¹˜ í˜ì´ìŠ¤ë¶ ..."
"Which Mario Bros Characters Can Say ğŸš¬: Part 2! #shorts #nintendo #switch #gamer #mario",""
"ë¯¼ì†ë†€ì´  ì¦ê¸°ëŠ” ê³ ì–‘ì´",""
"[7íšŒ ì˜ˆê³ ] &quot;ìì‚´ì²˜ëŸ¼ ë³´ì´ëŠ” íƒ€ì‚´ì´ë¼ë©´..&quot; ì„œí˜„ì§„, í˜•ì‚¬ë“¤ì— ì˜í•´ ì—°í–‰! #ì™œì˜¤ìˆ˜ì¬ì¸ê°€ #SBSCatch","[ìŠ¤ë¸ŒìŠ¤ìºì¹˜] êµ¬ë…í•˜ê¸°â–·https://goo.gl/bnT3WD ã€ˆì™œ ì˜¤ìˆ˜ì¬ì¸ê°€ã€‰ 7íšŒ ì˜ˆê³ ì…ë‹ˆë‹¤. #ì™œì˜¤ìˆ˜ì¬ì¸ê°€ #SBSCatch ìŠ¤ë¸ŒìŠ¤ìºì¹˜ í˜ì´ìŠ¤ë¶ ..."
"O PERRENGUE DE TER CHINCHILA!!ğŸ˜¹â¤ï¸",""
"One of the most underrated speed boots right now","PUMA Ultra 1.4 Instinct - potentially the most underrated speed boot at the moment in awesome new colours. See what they look ..."
"Everyone Thought Her Life Was Ruined #shorts",""
"ê°€ì„ ì˜¤ë‚˜ í–ˆëŠ”ë° ë‹¤ì‹œ â€˜í•œì—¬ë¦„â€™..ê¸°í›„ìœ„ê¸° ëŒ€ì±…ì€? - [í•«ì´ìŠˆPLAY] MBCë‰´ìŠ¤ 2024ë…„ 9ì›” 18ì¼","ê°€ì„ ì˜¤ë‚˜ í–ˆëŠ”ë° ë‹¤ì‹œ 'í•œì—¬ë¦„ ë”ìœ„'â€¥ì„œìš¸ì—” ì‚¬ìƒ ì²« '9ì›” í­ì—¼ê²½ë³´' (2024.09.10./ë‰´ìŠ¤ë°ìŠ¤í¬/MBC) [ê¸°í›„í™˜ê²½ ë¦¬í¬íŠ¸] ì—´ëŒ€ì•¼ ì›ì¡°ë„ ..."
"All of us thinking we sound exactly like Lauryn Hill when this part comes onğŸ’€",""
"ê°€ì„ ì˜¤ë‚˜ í–ˆëŠ”ë° ë‹¤ì‹œ â€˜í•œì—¬ë¦„â€™..ê¸°í›„ìœ„ê¸° ëŒ€ì±…ì€? - [í•«ì´ìŠˆPLAY] MBCë‰´ìŠ¤ 2024ë…„ 9ì›” 18ì¼","ê°€ì„ ì˜¤ë‚˜ í–ˆëŠ”ë° ë‹¤ì‹œ 'í•œì—¬ë¦„ ë”ìœ„'â€¥ì„œìš¸ì—” ì‚¬ìƒ ì²« '9ì›” í­ì—¼ê²½ë³´' (2024.09.10./ë‰´ìŠ¤ë°ìŠ¤í¬/MBC) [ê¸°í›„í™˜ê²½ ë¦¬í¬íŠ¸] ì—´ëŒ€ì•¼ ì›ì¡°ë„ ..."
"Ù…Ø³Ø¤ÙˆÙ„ÙŠÙ† Ø£Ù…Ù†ÙŠÙŠÙ† ÙÙŠ Ø¥Ø³Ø±Ø§Ø¦ÙŠÙ„: Ø§Ù„Ø¬ÙŠØ´ ØºÙŠØ± Ù‚Ø§Ø¯Ø± Ø¹Ù„Ù‰ Ù‡Ø²ÙŠÙ…Ø© Ø­Ù…Ø§Ø³ ÙÙŠ Ù‚Ø·Ø§Ø¹ ØºØ²Ø© ÙÙŠ Ù‡Ø°Ù‡ Ø§Ù„Ø­Ø±Ø¨","Ù†Ù‚Ù„Øª ØµØ­ÙŠÙØ© Ù†ÙŠÙˆÙŠÙˆØ±Ùƒ ØªØ§ÙŠÙ…Ø² Ø¹Ù† Ù…Ø³Ø¤ÙˆÙ„ÙŠÙ† Ø£Ù…Ù†ÙŠÙŠÙ† Ø­Ø§Ù„ÙŠÙŠÙ† ÙˆØ³Ø§Ø¨Ù‚ÙŠÙ† ÙÙŠ Ø¥Ø³Ø±Ø§Ø¦ÙŠÙ„ Ø§Ø¹ØªÙ‚Ø§Ø¯Ù‡Ù… Ø¨Ø¹Ø¯Ù… Ù‚Ø¯Ø±Ø© Ø§Ù„Ø¬ÙŠØ´ Ø¹Ù„Ù‰ Ù‡Ø²ÙŠÙ…Ø© Ø­Ù…Ø§Ø³ ÙÙŠ Ù‚Ø·Ø§Ø¹ ØºØ²Ø© ..."
"[8íšŒ ì˜ˆê³ ] &quot;ë¬´ì£„ë€ ì¦ê±° ì°¾ì•„ì•¼ ë¼ìš”&quot; êµ¬ì¹˜ì†Œì— ìˆ˜ê°ëœ ìœ„ê¸°ì˜ ì„œí˜„ì§„, ë‹¤ì‹œ í—ˆì¤€í˜¸ì—ê²Œ ë³µìˆ˜í•  ìˆ˜ ìˆì„ê¹Œ? #ì™œì˜¤ìˆ˜ì¬ì¸ê°€ #SBSCatch","[ìŠ¤ë¸ŒìŠ¤ìºì¹˜] êµ¬ë…í•˜ê¸°â–·https://goo.gl/bnT3WD ã€ˆì™œ ì˜¤ìˆ˜ì¬ì¸ê°€ã€‰ 8íšŒ ì˜ˆê³ ì…ë‹ˆë‹¤. #ì™œì˜¤ìˆ˜ì¬ì¸ê°€ #SBSCatch ìŠ¤ë¸ŒìŠ¤ìºì¹˜ í˜ì´ìŠ¤ë¶ ..."
"Beatbox Hunch Game ğŸ‘„ #beatbox #beatboxchallenge","""Beatbox Hunch Game #beatbox #beatboxchallenge #beatboxhunchgame #beatpellahouse"""
"Spider-Man: Into The Spider-Verse (2024) | DEADPOOL &amp; WOLVERINE - Sonic 3 - Minecraft - VENOM: Dance","Spider-Man: Into The Spider-Verse (2024) | DEADPOOL & WOLVERINE - Sonic 3 - Minecraft - VENOM: Dance â–» Parental ..."
"ê±°ì•¡ì˜ ì„¸ë±ƒëˆ.. ì—„ë§ˆê»˜ ë§¡ê²¨ì•¼ í• ê¹Œ?",""
"Ğ¡Ğ±ĞµĞ¶Ğ°Ğ» Ğ¸Ğ· Ñ‚ÑÑ€ÑŒĞ¼Ñ‹ Ğ±Ğ»Ğ°Ğ³Ğ¾Ğ´Ğ°Ñ€Ñ ÑĞ²Ğ¾ĞµĞ¹ Ğ´Ğ¾Ğ±Ñ€Ğ¾Ñ‚Ğµ ğŸ˜³ #Ñ„Ğ¸Ğ»ÑŒĞ¼ #ÑĞµÑ€Ğ¸Ğ°Ğ» #ĞºĞ¸Ğ½Ğ¾","Ğ¤Ğ¸Ğ»ÑŒĞ¼ ĞÑ‚ĞµĞ»ÑŒ Â«Ğ“Ñ€Ğ°Ğ½Ğ´ Ğ‘ÑƒĞ´Ğ°Ğ¿ĞµÑˆÑ‚Â». Ğ¤Ğ¸Ğ»ÑŒĞ¼ Ñ€Ğ°ÑÑĞºĞ°Ğ·Ñ‹Ğ²Ğ°ĞµÑ‚ Ğ¾Ğ± ÑƒĞ²Ğ»ĞµĞºĞ°Ñ‚ĞµĞ»ÑŒĞ½Ñ‹Ñ… Ğ¿Ñ€Ğ¸ĞºĞ»ÑÑ‡ĞµĞ½Ğ¸ÑÑ… Ğ»ĞµĞ³ĞµĞ½Ğ´Ğ°Ñ€Ğ½Ğ¾Ğ³Ğ¾ ĞºĞ¾Ğ½ÑÑŒĞµÑ€Ğ¶Ğ° Ğ“ÑƒÑÑ‚Ğ°Ğ²Ğ° Ğ¸ ..."
"à°…à°¨à±à°¨à°¦à°®à±à°®à±à°² à°…à°¨à±à°¬à°‚à°§à°‚ â¤ï¸ | Part-93 #emotional #ytshortsindia #wonderingminds #shorts #brothers #love","à°…à°¨à±à°¨à°¦à°®à±à°®à±à°² à°…à°¨à±à°¬à°‚à°§à°‚ â¤ï¸ | Part-93 #emotional #ytshortsindia #wonderingminds #shorts #brothers #love ..."
"[ë² í…Œë‘2] 400ë§Œ ê´€ê° ëŒíŒŒ ê°ì‚¬í•©ë‹ˆë‹¤!","[ë² í…Œë‘2] 400ë§Œ ê´€ê° ëŒíŒŒ ê°ì‚¬í•©ë‹ˆë‹¤! ë² í…Œë‘ì¦ˆì˜ ê¹œì§ ê°ì‚¬ ì¸ì‚¬ ë„ì°©   ì§€ê¸ˆ ë°”ë¡œ ê·¹ì¥ìœ¼ë¡œ GO https://litt.ly/cjenmmovie ..."
"How to make Caramel Fudge Crunch Bars! Recipe #Shorts","How to make Caramel Fudge Crunch Bars! Want to make simple recipes? My new shorts series takes you through some simple, ..."
"Anorexia Actually Takes AWAY Control","I'll teach you how to become the media's go-to expert in your field. Enroll in The Professional's Media Academy now: ..."
"Panivizhum Malar Vanam | Episode Promo | 17th september 2024","à®ªà®©à®¿à®µà®¿à®´à¯à®®à¯ à®®à®²à®°à¯à®µà®©à®®à¯ - à®¤à®¿à®™à¯à®•à®³à¯ - à®µà¯†à®³à¯à®³à®¿ à®®à®¾à®²à¯ˆ 6 à®®à®£à®¿à®•à¯à®•à¯ à®¨à®®à¯à®® à®µà®¿à®œà®¯à¯ à®Ÿà®¿à®µà®¿ ..."
"LEBANON VS SYRIA - Asian Food Cup",""
"Is OLA the Worst Company ?",""
"Solving Your Goofiest Minecraft Problems","All of us have a couple of problems in Minecraft. That's why I made this video. In this video I will solve your Goofy Minecraft ..."
"ì¶”ì„ ì—°íœ´ ë§ˆë¬´ë¦¬ ì¥ê¸°","ëŒ€í•œì¥ê¸° ì—°ë§¹ ì†Œì†ì˜ í”„ë¡œ9ë‹¨ ë°•ì˜ì™„ì…ë‹ˆë‹¤. ë§ì€ ì¥ê¸°ì¸ë“¤ì˜ ê¸°ë ¥í–¥ìƒì„ ì‘ì›í•©ë‹ˆë‹¤. #ì¥ê¸° #ì‹¤ì‹œê°„ #ê²Œì„ í›„ì› ì¹´ì¹´ì˜¤ë±…í¬ ..."
"ìš”ì¦˜ ë„ê°€ ì§€ë‚˜ì¹œ í•œêµ­ì–´ ì§€ìš°ê¸°",""
"ê¹€ìš´ì„ tv ë¼ì´ë¸Œ ë°©ì†¡ ì¡°êµ­ ëŒ€í‘œ ì´í•´ë¯¼ ì°¨ê·œê·¼ ì˜ì›ë‹˜ ë¥˜ì œì„±í›„ë³´ ë…¸í¬ë™ í„°ë¯¸ë„","ë¶€ì‚° ê¸ˆì •êµ¬ ë¥˜ì œì„± ì…ë‹ˆë‹¤ ìŠ¤í¬ì›ì—ì„œ ì‚¬ì§ê¹Œì§€ í’€ #ì´í•´ë¯¼ì˜ì› #ì°¨ê·œê·¼ ì˜ì› #ë¥˜ì œì„± í›„ë³´ë‹˜ í’€ì˜ìƒ ìœ¼ë¡œ ì±„ë„ì— ê°€ì…í•˜ì—¬ í˜œíƒì„ ..."
"ë‹¹ì‚¬ëª¨TV","í•˜ìˆ˜ì²´ë„ë‹¹ì‚¬ëª¨TVì…ë‹ˆë‹¤#ìˆ˜ì§€ê°€ë†’ìœ¼ì‹ ë¶„ë“¤ì€#ì˜ìƒì´#ë§ì§€ì•ˆì„ìˆ˜ìˆìŠµë‹ˆë‹¤#ê³ ìˆ˜ì²´ë„ì„#ì´ìš©ë¶€íƒë“œë¦½ë‹ˆë‹¤."
"Chamar o Boules de Boules virou ofensa ğŸ¤” #shorts #debate #lgbt #pablomarÃ§al #saopaulo #boulos",""
"What I wore in *mauritius* ğŸŒ´â˜€ï¸desi saree + bikini + dressğŸ˜ğŸ‘™#outfit #whatiwore",""
"Makes Sense!",""
"LG í“¨ë¦¬ì¼€ì–´ ì˜¤ë¸Œì œì»¬ë ‰ì…˜ : 2022 ì •ìˆ˜ê¸°ëŠ¥ë ¥í‰ê°€ ë§í•˜ê¸°ì˜ì—­ ë‚˜í˜• í¸","2022 ì •ìˆ˜ê¸° ëŠ¥ë ¥ í‰ê°€ ë§í•˜ê¸° ì˜ì—­ [ë‚˜í˜•] ë§¤ìš´ ì–‘ë…ì¹˜í‚¨ì„ ë¨¹ëŠ”ë° ë‚¨í¸ì´ ì–‘ë… ë¬»ì€ ì†ìœ¼ë¡œ ì •ìˆ˜ê¸° ë²„íŠ¼ì„ ëˆ„ë¥´ë ¤ê³  í•©ë‹ˆë‹¤. ì´ë•Œ ..."
"ë©”ê°€ê²Œì„TV | ìˆí¼ë°©ì†¡ | ì›”ê´‘ë³´í•© | ê³ ì „ê²Œì„ | Retro Game | Arcade","This stream is created with #PRISMLiveStudio."
"TAG Heuer | TAG Heuer Connected Calibre E4 - Golf Edition","Hit the greens with your dream team. With a shared passion and a shared game, Tommy Fleetwood and Alexandra Olaughlin ..."
"Making Tacos for my â€œGirlfriendâ€",""
"I&#39;m Not Okay With This #shorts","funny #comedy #short #military #meme Check out ALL my content below! https://linktr.ee/Nikkoortizzz."
"I would not have gotten this right",""
"Paise à¤¨à¥€ à¤¦à¥‡à¤¤à¤¾ MeinğŸ˜‚ II #sevengers #shorts","Love You All Youtube Familyâ¤ï¸ Keep Supporting   Like,Comments,Share & Subscribe â¡ï¸Sevengers For daily routine ..."
"Not bad for her first time #wusworld",""
"ì˜ˆë»ì§„ ì¹œêµ¬ê°€ 6ë…„ê°„ ì†”ë¡œì˜€ë˜ ì´ìœ  #shorts #ìœ ë¨¸ì§¤ì‹œë¦¬ì¦ˆ","ì˜ˆë»ì§„ ì¹œêµ¬ê°€ 6ë…„ê°„ ì†”ë¡œì˜€ë˜ ì´ìœ ."
"Here&#39;s why Trump is attacking Taylor Swift","shorts."
"Disney&#39;s Cruella | Perhaps","Everyone's talking about #Cruella.     See Disney's Cruella in theaters now or order on #DisneyPlus with Premier Access ..."
"Sharing Husband  | à°…à°¤à±à°¤à°—à°¾à°°à±  | à°¸à°®à°¾à°¨à°¤à±à°µà°‚ | Short07 | Gossip Gowtham | Tamada Media","Hii Guy's we are Back again with a new series â€œ Sharing Husband â€œ Director:- Rahul Srinivas, Rajkamal Guntuku Writer:- Siri Setty, ..."
"[6íšŒ ì˜ˆê³ ] &quot;700ì–µì„ ë²Œì—ˆëŠ”ë°ë„ ë¤ë¤í•´&quot; ì„œí˜„ì§„, í—ˆì¤€í˜¸ì—ê²Œ ë°˜ê²©ì€ ì´ì œ ì‹œì‘! #ì™œì˜¤ìˆ˜ì¬ì¸ê°€ #SBSCatch","[ìŠ¤ë¸ŒìŠ¤ìºì¹˜] êµ¬ë…í•˜ê¸°â–·https://goo.gl/bnT3WD ã€ˆì™œ ì˜¤ìˆ˜ì¬ì¸ê°€ã€‰ 6íšŒ ì˜ˆê³ ì…ë‹ˆë‹¤. #ì™œì˜¤ìˆ˜ì¬ì¸ê°€ #SBSCatch ìŠ¤ë¸ŒìŠ¤ìºì¹˜ í˜ì´ìŠ¤ë¶ ..."
"Count it âœ”ğŸµ #beatbox #beatboxchallenge","""Count it âœ“   #beatbox #beatboxchallenge #beatpellahouse"""
"IR Iran vs Venezuela Futsal World Cup","IR Iran vs Venezuela Futsal World Cup #FutsalWC #FIFAWorldCup."
"Keralaâ€™s Ultimate Meat Biryani @ Hotel Rahmath! ğŸ¥©ğŸ¥˜ğŸ¤¤","In this video, we explore Hotel Rahmath, a legendary spot in Kozhikode known for its delicious, budget-friendly beef dishes."
"ì •ì‹ ë³‘ì— ê±¸ë¦° ë™ìƒ [ì•Œê³ ë³´ë©´ ë¬´ì„œìš´ ì´ì•¼ê¸°] #shorts","ì •ì‹ ë³‘ì— ê±¸ë¦° ë™ìƒ [ì•Œê³ ë³´ë©´ ë¬´ì„œìš´ ì´ì•¼ê¸°]"
"Me vs the Minecraft Car (Cuber Truck) #themanniishow.com",""
"Kokishin BattleGround PT6âš”ï¸(Zeno vs Eric)#roblox #robloxedit #viral","if you like the video, make sure to hit that like button and subscribe to inspire me ^^ #roblox #robloxanimation #viral."
"[13íšŒ ì˜ˆê³ ] &quot;ì‹¸ì›€ì´ ì‹œì‘ë˜ë©´ ì´ê¸°ëŠ” ê²ƒë§Œ ìƒê°í•´ë¼&quot; ì´ì¤€ê¸°Xê¹€ì§€ì€ ì•…ì˜ ì´ë„ˆì„œí´ê³¼ ì°¸êµìœ¡ ì»¤ë° ì‘¨! #ì–´ê²Œì¸ë§ˆì´ë¼ì´í”„ #SBSCatch","[ìŠ¤ë¸ŒìŠ¤ìºì¹˜] êµ¬ë…í•˜ê¸°â–·https://goo.gl/bnT3WD ã€ˆì–´ê²Œì¸ ë§ˆì´ ë¼ì´í”„ã€‰ 13íšŒ ì˜ˆê³ ì…ë‹ˆë‹¤. #ì–´ê²Œì¸ë§ˆì´ë¼ì´í”„ #SBSCatch ìŠ¤ë¸ŒìŠ¤ ..."
"IONIQ 6 Digital World Premiere Highlightsâ”‚A Social Content Creator","A story of a social content creator, Joan. She enjoys the variety of entertainment options in the IONIQ 6 and socializes with the ..."
"Where Did Mercedes&#39; Sidepods Go?! ğŸ˜³ #Shorts","Mercedes rocked up on Bahrain with minimalist sidepods... could this be the trend of 2022? For more F1Â® videos, visit http://www."
"The Mariners had that MLB The Show Showdown fielding in extras vs. the Yankees","Insane defense! Don't forget to subscribe! https://www.youtube.com/mlb Follow us elsewhere too: Twitter: https://twitter.com/MLB ..."
"The Irony of Bonsai #Shorts","The drastic work on this elm bonsai is part of the irony of bonsai #bonsai Gro Bonsai socials: Instagram: ..."
"When Del Potro&#39;s Forehand EXPLODES!","Is Juan Martin Del Potro's forehand the biggest in tennis history? #Shorts SUBSCRIBE to our channel for the best ATP tennis ..."
"Fresh | Marvel Studiosâ€™ Eternals","TONIGHT, be the first to see the Marvel Universe like you've never seen before Experience Marvel Studios' Eternals only in ..."
"LG í“¨ë¦¬ì¼€ì–´ ì˜¤ë¸Œì œì»¬ë ‰ì…˜ : ì‚´ê· í•´ì„œ ë” ê¹¨ë—í•œ ë“€ì–¼ ì •ìˆ˜ê¸° í¸","ì •ìˆ˜ê¸°ìš”? ë‹¹ì—°íˆ ì‚´ê· ë˜ëŠ” ê±° ì¨ì•¼ì£  ì•„ì´ë„ ë§ˆì‹œëŠ” ë¬¼ì´ë‹ˆê¹Œ í•„í„°ë¶€í„° ì¶œìˆ˜êµ¬ê¹Œì§€ êµ­ë‚´ ìµœì´ˆ ê³ ì˜¨ ì‚´ê·  ì‹ì¬ë£Œì™€ ì¡°ë¦¬ë„êµ¬ë„ ëŠ˜ ..."
"IONIQ Concept â€˜SEVENâ€™ | Live in SEVEN â€“ Part 4. Daughter and Family","Introducing the IONIQ Concept 'SEVEN'. SEVEN Concept is designed to support both your 'Me Time' and 'Family Time'. For this ..."
"The Center Deal! #shorts","SEE ME PERFORM LIVE IN NYC: https://parlourofdeceptions.com ONLINE COURSE ON CARD MAGIC: ..."
"&#39;ì›”ë“œí´ë˜ìŠ¤&#39; ì†í¥ë¯¼, ì•„ë§ˆì¶”ì–´íŒ€ê³¼ ì¡°ê¸°ì¶•êµ¬ ê²½ê¸° ì¶œì „ / YTN","ë²¤íˆ¬í˜¸ì˜ ì£¼ì¥ì´ì í”„ë¦¬ë¯¸ì–´ë¦¬ê·¸ í† íŠ¸ë„˜ì˜ ê³µê²©ìˆ˜ ì†í¥ë¯¼ ì„ ìˆ˜ê°€ ì•„ë§ˆì¶”ì–´íŒ€ê³¼ì˜ ì¡°ê¸° ì¶•êµ¬ ê²½ê¸°ì— ì¶œì „í–ˆìŠµë‹ˆë‹¤. ì†í¥ë¯¼ì€ ê²½ê¸°ë„ ..."
"[5íšŒ ì˜ˆê³ ] &quot;ê°‘ì§ˆ íšŒì‚¬ ë‹¤ë‹ˆê³  ë§ ê±°ì˜ˆìš”!&quot; ì´ì œí›ˆ ì‚¬ì´ë‹¤ ì°¸êµìœ¡ ìœ„í•´ ë˜ ì ì…! #ëª¨ë²”íƒì‹œ #SBSCatch","[ìŠ¤ë¸ŒìŠ¤ìºì¹˜] êµ¬ë…í•˜ê¸°â–·https://goo.gl/bnT3WD ã€ˆëª¨ë²”íƒì‹œã€‰ 5íšŒ ì˜ˆê³ ì…ë‹ˆë‹¤. #ëª¨ë²”íƒì‹œ #SBSCatch ìŠ¤ë¸ŒìŠ¤ìºì¹˜ í˜ì´ìŠ¤ë¶ ..."
"LG í“¨ë¦¬ì¼€ì–´ ì˜¤ë¸Œì œì»¬ë ‰ì…˜ : 2022 ì •ìˆ˜ê¸°ëŠ¥ë ¥í‰ê°€ ìˆ˜í•™ì˜ì—­ í¸","2022 ì •ìˆ˜ê¸° ëŠ¥ë ¥ í‰ê°€ ìˆ˜í•™ì˜ì—­ ë¼ë©´ì´ ë•¡ê¸°ëŠ” ë°¤ ë§›ìˆê²Œ ë“ì´ê¸° ìœ„í•œ ë¼ë©´ë¬¼ì˜ ì ì •ëŸ‰ 550ml ë‹¤ìŒ ì¤‘, ë” ê°„í¸í•œ ë¬¼ ì¡°ì ˆ ë°©ë²•ì€?"
"[15íšŒ ì˜ˆê³ ] &quot;í•œì„±í˜œì— ëŒ€í•´ì„œ ìš°ë¦¬ ëª¨ë‘ ëª¨ë¥´ëŠ” ë­”ê°€ê°€ ë” ìˆë‹¤ê³ ..&quot; ì´í•˜ëŠ¬ ë¹ŒëŸ° ì§„ì„œì—°ì˜ ì§„ì‹¤ì— í•œê±¸ìŒ ë‹¤ê°€ê°ˆê¹Œ? #ì›ë”ìš°ë¨¼ #SBSCatch","[ìŠ¤ë¸ŒìŠ¤ìºì¹˜] êµ¬ë…í•˜ê¸°â–·https://goo.gl/bnT3WD ã€ˆì›ë”ìš°ë¨¼ã€‰15íšŒ ì˜ˆê³ ì…ë‹ˆë‹¤. #ì›ë”ìš°ë¨¼ # #SBSCatch ìŠ¤ë¸ŒìŠ¤ìºì¹˜ í˜ì´ìŠ¤ë¶ ..."
"LG ThinQ : Simplify your life with â€œThinQ Extendâ€ | LG","Smart buy, smarter lifestyle LG ThinQ offers lifestyle contents & useful tips and reasonable monthly payment option. Simplify your ..."
"[1íšŒ ì˜ˆê³ ] &quot;ì „ ì´ ìë¦¬ë¥¼ ì›í•´ì„œ ë‚˜ì˜¨ ê²Œ ì•„ë‹ˆì—ìš”&quot; ì†¡í˜œêµXì¥ê¸°ìš©, ì²« ë§Œë‚¨ë¶€í„° ìœ¼ë¥´ë  ì¼€ë¯¸ í­ë°œ!  #ì§€ê¸ˆí—¤ì–´ì§€ëŠ”ì¤‘ì…ë‹ˆë‹¤ #SBSCatch","[ìŠ¤ë¸ŒìŠ¤ìºì¹˜] êµ¬ë…í•˜ê¸°â–·https://goo.gl/bnT3WD ã€ˆì§€ê¸ˆ, í—¤ì–´ì§€ëŠ” ì¤‘ì…ë‹ˆë‹¤ã€‰ 1íšŒ ì˜ˆê³ ì…ë‹ˆë‹¤. #ì§€ê¸ˆí—¤ì–´ì§€ëŠ”ì¤‘ì…ë‹ˆë‹¤ #SBSCatch ..."
"ğŸ‡ºğŸ‡¸ë¯¸êµ­ &amp; ì˜êµ­ğŸ‡¬ğŸ‡§ ë‚¨ë§¤í¸  l  American &amp; British - Brother and Sister","í•´ì„ ìë§‰â€¼ï¸ ì•ˆë…•í•˜ì„¸ìš” í•«í”Œë ˆì´ìŠ¤ì…ë‹ˆë‹¤! ì§€ë‚œë²ˆ ê°€ì„ê°€ì„í•œ ë¯¸êµ­&ì˜êµ­ ì»¤í”Œ í¸ì— ì´ì–´ì„œ ì´ë²ˆì—” ê²¨ìš¸ê²¨ìš¸ ë‚¨ë§¤ í¸ì„ ..."
"[6íšŒ ì˜ˆê³ ] &quot;íƒœë¸”ë¦¿ PC ì—´ì–´&quot;  ì´í•˜ëŠ¬Xì§„ì„œì—° ì‚´ë²Œí•œ ê¸°ì‹¸ì›€ìœ¼ë¡œ ëŒ€ì¹˜! #ì›ë”ìš°ë¨¼ #SBSCatch","[ìŠ¤ë¸ŒìŠ¤ìºì¹˜] êµ¬ë…í•˜ê¸°â–·https://goo.gl/bnT3WD ã€ˆì›ë”ìš°ë¨¼ã€‰ 6íšŒ ì˜ˆê³ ì…ë‹ˆë‹¤. #ì›ë”ìš°ë¨¼ # #SBSCatch ìŠ¤ë¸ŒìŠ¤ìºì¹˜ í˜ì´ìŠ¤ë¶ ..."
"[5íšŒ ì˜ˆê³ ] &quot;ë¬´ìŠ¨ ë˜ë¼ì´ ì§“ì„ í•˜ê³  ìˆëŠ” ê±°ì•¼ ë˜..&quot;  ìœ„ê¸°ì˜ ì—°ì†ì¸ ì´í•˜ëŠ¬Xì´ìƒìœ¤ ì½¤ë¹„!  #ì›ë”ìš°ë¨¼ #SBSCatch","[ìŠ¤ë¸ŒìŠ¤ìºì¹˜] êµ¬ë…í•˜ê¸°â–·https://goo.gl/bnT3WD ã€ˆì›ë”ìš°ë¨¼ã€‰ 5íšŒ ì˜ˆê³ ì…ë‹ˆë‹¤. #ì›ë”ìš°ë¨¼ # #SBSCatch ìŠ¤ë¸ŒìŠ¤ìºì¹˜ í˜ì´ìŠ¤ë¶ ..."
"LG ThinQ : Simplify your life with â€œThinQ Routineâ€ | LG","Automation to fit your lifestyle With LG ThinQ, your home is on your terms. Automate the smart-home devices and settings all at ..."
"All About ThinQ #09 â€œOur Paradise â€ | Routine","Complex routines simplified with LG ThinQ Routine. Make your home just the way you want. Change a group of home settings all ..."
"BESPOKE Jetâ„¢: All New Bespoke Jetâ„¢ TVC | Samsung","Made a messâ€¦? Let's Jet it. The all-new Bespoke Jetâ„¢ is 24% lighter, superrrrcharged and ready to clean up the messiest of ..."
"Young Lady and Gentleman | ì‹ ì‚¬ì™€ ì•„ê°€ì”¨ EP27 [Previewã…£KBS WORLD TV]","Young Lady and Gentleman | ì‹ ì‚¬ì™€ ì•„ê°€ì”¨ EP27 [Previewã…£KBS WORLD TV] ===== â• LEGEND Video ..."
"Destroying A Shoe For The Perfect Fit! Bespoke Gaziano &amp; Girling Shoes | #Shorts","Subscribe: https://www.youtube.com/kirbyallison Watch the full video here: https://youtu.be/OMKyiPSZ91k Join this channel to ..."
"[í‹°ì €3] ì†¡í˜œêµ ë¶™ì¡ëŠ” ì¥ê¸°ìš© &quot;ì™œ ëª¨ë¥¸ì²™í–ˆì–´ìš”?&quot; ì„¤ë ˜ í­ë°œí•˜ëŠ” í‹°í‚¤íƒ€ì¹´ğŸ’™ SBS ìƒˆ ê¸ˆí† ë“œë¼ë§ˆ &#39;ì§€ê¸ˆ, í—¤ì–´ì§€ëŠ” ì¤‘ì…ë‹ˆë‹¤&#39; #í‹°ì € #ì§€ê¸ˆí—¤ì–´ì§€ëŠ”ì¤‘ì…ë‹ˆë‹¤ #SBSCatch","[ìŠ¤ë¸ŒìŠ¤ìºì¹˜] êµ¬ë…í•˜ê¸°â–·https://goo.gl/bnT3WD 'ì´ë³„'ì´ë¼ ì“°ê³  'ì‚¬ë‘'ì´ë¼ ì½ëŠ” ë‹¬ê³  ì§œê³  ë§µê³  ì‹œê³  ì“´ ì´ë³„ ì•¡ì¸„ì–¼ë¦¬ ã€ˆì§€ê¸ˆ, í—¤ì–´ì§€ ..."
"á„á…®á„‹á…®á†·á„‡á…¡á„…á…¡á„†á…§á†« á„†á…¡á†«á„ƒá…³á†¯á„€á…µ Toowoomba Ramen","íˆ¬ì›€ë°”ë¼ë©´ ë§Œë“œëŠ” ë°©ë²• #shorts."
"Quick - before - race chainring swap. How to replace Sram XX1 chainring. 1x11 drivetrain. #shorts","SRAM XX1 drivetrain tutorial - how to remove chainring and install new one. @SuperBTools in action. #shorts Free Bike Service ..."
"Advanced Wi-Fi Settings: How to protect your connection in public | Samsung","Some Wi-Fi networks are safer than others. Learn how to activate Secure Wi-Fi on your Galaxy device. Discover more: ..."
"ìœ ìŠ¹ë¯¼ &quot;ìœ¤ë¦¬ìœ„Â·ìœ¤í•µê´€ë“¤ ì¡°í­ ê°™ì•„&quot;...ï§¡ ì§•ê³„ ë¹„íŒ / YTN","êµ­ë¯¼ì˜í˜ ìœ ìŠ¹ë¯¼ ì „ ì˜ì›ì€ ì´ì¤€ì„ ë‹¹ ëŒ€í‘œê°€ ì¤‘ì§•ê³„ë¥¼ ë°›ì€ ê²ƒê³¼ ê´€ë ¨í•´ ìœ¤ë¦¬ìœ„ì›íšŒë‚˜ ìœ¤í•µê´€ë“¤ì„ ë³´ë©´ ì¡°í­ ê°™ë‹¤ë©° ê±°ì„¸ê²Œ ë¹„íŒ ..."
"IONIQ Concept â€˜SEVENâ€™ | Live in SEVEN â€“ Part 3. Mom","Introducing the IONIQ Concept 'SEVEN'. SEVEN Concept takes your 'Me Time' to a whole new level. With its various Interior ..."
"IONIQ 6 Themed Rooms in Streamlined Studio | available on Roblox","Experience the IONIQ 6 Studio in Roblox Mobility Adventure: Six themed rooms with the IONIQ 6. Which one will be your favorite?"
"LG í“¨ë¦¬ì¼€ì–´ ì—ì–´ë¡œíƒ€ì›Œ ì˜¤ë¸Œì œì»¬ë ‰ì…˜ - ì„¸ìƒì— ì—†ë˜ ì—ì–´ë¡œíƒ€ì›Œ í¸","ì„¤ë  ê±°ì˜ˆìš” ì²˜ìŒì´ë‹ˆê¹Œ ì´ê±´ ë°”ë¡œ ì—ì–´ë¡œíƒ€ì›Œ ê³µê¸°ë¥¼ ê¹¨ë—í•˜ê²Œ ì²­ì •í•˜ì—¬ ë•Œë¡œëŠ” ë”°ëœ»í•˜ê²Œ ë•Œë¡œëŠ” ì‹œì›í•˜ê²Œ ì´ëŸ° ì—ì–´ëŠ” ì²˜ìŒì´ì£ ?"
"This move has transformed 1,000&#39;s of swings!  #shorts #golfswing #golf #ericcogorno","shorts GET YOUR 14-DAY FREE TRIAL OF COGORNO GOLF! https://www.cogornogolf.com Let's start working together on your ..."
"IONIQ 6 Digital World Premiere Highlightsâ”‚A Sustainable Artist","A story of a sustainable artist, Mia. In IONIQ 6, she experiences stress-free driving and uses this space for healing. Awaken Your ..."
"IONIQ 6 Digital World Premiere Highlightsâ”‚A Metaverse Designer","A story of a metaverse designer, Fredrik. In IONIQ 6, he enjoys fun driving and uses this space for work. Awaken Your World ..."
"Did Wednesday Lie? ğŸ’€","Did the hit Netflix show Wednesday exaggerate Piranhas? Wednesday Addams drops two large bags of Piranha into a pool they ..."
"Galaxy Buds: How to set up and use Quick ambient sound | Samsung","Tune in at a touch. Learn how to switch to hearing ambient sound quickly when you need to. Discover more: ..."
"Â¿CuÃ¡nto es 10-10x10+10? Solo para genios.",""
"Galaxy Note10: How to shoot Super steady videos | Samsung","Catch all the action, without the shakes. Learn how to shoot Super steady videos on the new Galaxy Note10. Discover more: ..."
"ğŸ¥ BAD TIMES AT THE EL ROYALE (2018) | Full Movie Trailer | Full HD | 1080p","Circa 1969, several strangers, most with a secret to bury, meet by chance at Lake Tahoe's El Royale, a rundown hotel with a dark ..."
"LG ThinQ  :  ìš°ë¦¬ ì§‘ ê°€ì „ ThinQë¡œ ì œëŒ€ë¡œ ì“°ëŠ” ë²• &quot;ëª¨ë“œ&quot; í¸","ìš°ë¦¬ ì§‘ ê°€ì „ ThinQë¡œ ì œëŒ€ë¡œ ì“°ëŠ” ë²• 1. ì›í•˜ëŠ” ëª¨ë“œ ì„ íƒ 2. ì„ íƒëœ ëª¨ë“œë¥¼ ì‹¤í–‰ 3. í•œ ë²ˆì— ì•Œì•„ì„œ ë™ì‘ ë‚˜ë§Œ ëª°ëì–´? ì§€ê¸ˆ ThinQ ì•±ì„ ..."
"LG ThinQ : ìš°ë¦¬ì§‘ ê°€ì „ ThinQë¡œ ì œëŒ€ë¡œ ì“°ëŠ” ë²• &quot;ìƒí™œì—°êµ¬ì†Œ&quot; í¸","ìš°ë¦¬ ì§‘ ê°€ì „ ThinQë¡œ ì œëŒ€ë¡œ ì“°ëŠ” ë²• 1. ThinQì—ë§Œ ìˆëŠ” ì „ë¬¸ê°€ì˜ ì†”ë£¨ì…˜ í™•ì¸ 2. ì¶”ì²œë°›ì€ ì½”ìŠ¤ í´ë¦­ 3. ì„¸íƒê¸°ì— ì „ì†¡ ë‚˜ë§Œ ëª°ëì–´?"
"ì‚¬ì‹¤ ì•…í”ŒëŸ¬ê°€ ì§ë‚¨ì´ë¼ëŠ” ê²ƒì„ ì•Œê³  ì¶©ê²©ë°›ì€ í•œì§€í˜„ #ì†í•´ë³´ê¸°ì‹«ì–´ì„œ","í‹°ë¹™ì—ì„œ ìŠ¤íŠ¸ë¦¬ë° : https://tving.onelink.me/xHqC/30a78d6f ë°¥ì¹œêµ¬   í•˜ê¸° ì¢‹ì€ ë“œë¼ë§ˆ ã€ˆì†í•´ ë³´ê¸° ì‹«ì–´ì„œã€‰ ì†í•´ ë³´ê¸° ì‹«ì–´ì„œ ..."
"LG ThinQ : ìš°ë¦¬ì§‘ ê°€ì „ ThinQë¡œ ì œëŒ€ë¡œ ì“°ëŠ” ë²• &quot;ì¸ê³µì§€ëŠ¥ ì¿¡&quot; í¸","ìš°ë¦¬ ì§‘ ê°€ì „ ThinQë¡œ ì œëŒ€ë¡œ ì“°ëŠ” ë²• 1. ë°”ì½”ë“œ ìŠ¤ìº” 2. ì¡°ë¦¬ ì •ë³´ë¥¼ ì˜¤ë¸ì— ì „ì†¡ 3. ì†ì‰½ê²Œ ë§›ìˆëŠ” ìŒì‹ ì™„ì„± ë‚˜ë§Œ ëª°ëì–´? ì§€ê¸ˆ ThinQ ..."
"ë§ˆìŒì— ìœ„ë¡œì™€ í‰ì•ˆì„ ì£¼ëŠ” ì°¬ì–‘ ëª¨ìŒ / CCM í”¼ì•„ë…¸ ì—°ì£¼ ëª¨ìŒ/ CCM Piano Instrumental","ë§ˆìŒì— ìœ„ë¡œì™€ í‰ì•ˆì„ ì£¼ëŠ” ì°¬ì–‘ ëª¨ìŒ / CCM í”¼ì•„ë…¸ ì—°ì£¼ ëª¨ìŒ/ CCM Piano Instrumental ë§ˆìŒì— ìœ„ë¡œì™€ í‰ì•ˆì„ ì£¼ëŠ” ì°¬ì–‘ ëª¨ìŒ / CCM ..."
"ğŸŒ•ğŸ¥ŸğŸŒ• ğŸ‘ˆ ğŸ¶ #StrayKids #ìŠ¤íŠ¸ë ˆì´í‚¤ì¦ˆ #í˜„ì§„ #Hyunjin #ìŠ¹ë¯¼ #Seungmin #YouMakeStrayKidsStay","StrayKids #ìŠ¤íŠ¸ë ˆì´í‚¤ì¦ˆ #í˜„ì§„ #Hyunjin #ìŠ¹ë¯¼ #Seungmin #YouMakeStrayKidsStay Listen to ""ATE"" now   ..."
"ğŸŒ•ğŸˆâ€â¬›ğŸŒ• ğŸ‘ˆ ğŸˆ #StrayKids #ìŠ¤íŠ¸ë ˆì´í‚¤ì¦ˆ #ë¦¬ë…¸ #LeeKnow #í•„ë¦­ìŠ¤ #Felix #YouMakeStrayKidsStay","StrayKids #ìŠ¤íŠ¸ë ˆì´í‚¤ì¦ˆ #ë¦¬ë…¸ #LeeKnow #í•„ë¦­ìŠ¤ #Felix #YouMakeStrayKidsStay Listen to ""ATE"" now   ..."
"Legendary but itâ€™s Carl Wheezer","Legendary but it's Carl Wheezer."
"Defend 1 Of These 3 Movies Or Lose Your Arm #shorts #meme",""
"[ìŠ¤í˜ì…œ í‹°ì €] 2022ë…„ SBS ìƒˆ ë“œë¼ë§ˆ &#39;ì™œ ì˜¤ìˆ˜ì¬ì¸ê°€&#39; ì„œí˜„ì§„Xí™©ì¸ì—½ì˜ ë¯¸ìŠ¤í„°ë¦¬ ë©œë¡œ(LAW)  #SBSCatch","[ìŠ¤ë¸ŒìŠ¤ìºì¹˜] êµ¬ë…í•˜ê¸°â–·https://goo.gl/bnT3WD ì„±ê³µë§Œì„ ì¢‡ë‹¤ ì†ì´ í…… ë¹„ì–´ë²„ë¦° ì°¨ê°€ìš´ ë³€í˜¸ì‚¬ ì˜¤ìˆ˜ì¬ì™€, ê·¸ëŸ° ê·¸ë…€ë¥¼ ì§€í‚¤ê¸° ìœ„í•´ì„œ ..."
"[3íšŒ ì˜ˆê³ ] ìµœìš°ì‹ğŸ§¡ê¹€ë‹¤ë¯¸, ì—­ì£¼í–‰ ë¡œë§¨ìŠ¤ ë³¸ê²©ì ìœ¼ë¡œ ì‹œì‘! #ê·¸í•´ìš°ë¦¬ëŠ” #SBSCatch","[ìŠ¤ë¸ŒìŠ¤ìºì¹˜] êµ¬ë…í•˜ê¸°â–·https://goo.gl/bnT3WD ã€ˆê·¸ í•´ ìš°ë¦¬ëŠ”ã€‰ 3íšŒ ì˜ˆê³ ì…ë‹ˆë‹¤. #ê·¸í•´ìš°ë¦¬ëŠ” #SBSCatch ìŠ¤ë¸ŒìŠ¤ìºì¹˜ í˜ì´ìŠ¤ë¶ ..."
"[3íšŒ ì˜ˆê³ ] &quot;ì´ëŸ° ê°€ì§œ ì—°ì•  ë§ê³  ì§„ì§œ ì—°ì•  í•´ë´ìš”&quot; ì•ˆíš¨ì„­Xê¹€ì„¸ì • ê³„ì•½ ì—°ì•  ë, ì§„ì§œ ì—°ì•  ì‹œì‘? #ì‚¬ë‚´ë§ì„  #SBSCatch","[ìŠ¤ë¸ŒìŠ¤ìºì¹˜] êµ¬ë…í•˜ê¸°â–·https://goo.gl/bnT3WD ã€ˆì‚¬ë‚´ë§ì„ ã€‰ 3íšŒ ì˜ˆê³ ì…ë‹ˆë‹¤. #ì‚¬ë‚´ë§ì„  #SBSCatch ìŠ¤ë¸ŒìŠ¤ìºì¹˜ í˜ì´ìŠ¤ë¶ ..."
"ğŸ•µï¸ğŸ¹ğŸ¶ğŸ¸ #KEY #í‚¤ #ìƒ¤ì´ë‹ˆ #PleasureShop #KEY_PleasureShop #PleasureShopChallenge #ANYUJIN #ì•ˆìœ ì§„ #IVE #ì•„ì´ë¸Œ","KEY #í‚¤ #SHINee #ìƒ¤ì´ë‹ˆ #PleasureShop #KEY_PleasureShop #PleasureShopChallenge #ANYUJIN #ì•ˆìœ ì§„ #IVE #ì•„ì´ë¸Œ ..."
"[7íšŒ ì˜ˆê³ ] &quot;ì™œ ë‚¨ì¹œ ë…¸ë¦‡ í•œ ê±´ì§€ ì •ë§ ëª¨ë¥´ê² ìŠµë‹ˆê¹Œ?&quot; ì•ˆíš¨ì„­, ê¹€ì„¸ì • ë§ˆìŒ ë…¹ì¼ê¹Œ? #ì‚¬ë‚´ë§ì„  #SBSCatch","[ìŠ¤ë¸ŒìŠ¤ìºì¹˜] êµ¬ë…í•˜ê¸°â–·https://goo.gl/bnT3WD ã€ˆì‚¬ë‚´ë§ì„ ã€‰ 7íšŒ ì˜ˆê³ ì…ë‹ˆë‹¤. #ì‚¬ë‚´ë§ì„  #SBSCatch ìŠ¤ë¸ŒìŠ¤ìºì¹˜ í˜ì´ìŠ¤ë¶ ..."
"When You HATE TEAMERS in MM2 on ROBLOXâ€¦â¤ï¸ğŸ’™ğŸ’š",""
"[13íšŒ ì˜ˆê³ ] &quot;ë‹¤ì‹œ í—¤ì–´ì§ˆ í™•ë¥ ì´ ë†’ëŒ€...&quot; ìµœìš°ì‹â¤ê¹€ë‹¤ë¯¸, 24ì‹œê°„ ê½ëƒ¥ëª¨ë“œë„ ë¶€ì¡±í•´ì„œ í—¤ì–´ì§ ê±±ì •? #ê·¸í•´ìš°ë¦¬ëŠ” #SBSCatch","[ìŠ¤ë¸ŒìŠ¤ìºì¹˜] êµ¬ë…í•˜ê¸°â–·https://goo.gl/bnT3WD ã€ˆê·¸ í•´ ìš°ë¦¬ëŠ”ã€‰ 13íšŒ ì˜ˆê³ ì…ë‹ˆë‹¤. #ê·¸í•´ìš°ë¦¬ëŠ” #SBSCatch ìŠ¤ë¸ŒìŠ¤ìºì¹˜ í˜ì´ìŠ¤ë¶ ..."
"[10íšŒ ì˜ˆê³ ] &quot;ìš°ë¦¬ íƒœë¬´ ë§Œë‚˜ì§€ ë§ì•„ìš”&quot; ì•ˆíš¨ì„­â™¥ê¹€ì„¸ì • ìˆœíƒ„ì¹˜ ì•Šì€ ì—°ì• ã… ã…  #ì‚¬ë‚´ë§ì„  #SBSCatch","[ìŠ¤ë¸ŒìŠ¤ìºì¹˜] êµ¬ë…í•˜ê¸°â–·https://goo.gl/bnT3WD ã€ˆì‚¬ë‚´ë§ì„ ã€‰ 10íšŒ ì˜ˆê³ ì…ë‹ˆë‹¤. #ì‚¬ë‚´ë§ì„  #SBSCatch ìŠ¤ë¸ŒìŠ¤ìºì¹˜ í˜ì´ìŠ¤ë¶ ..."
"[1íšŒ ì˜ˆê³ ] &quot;ë‹¤íë©˜í„°ë¦¬ ì°ì, í•œ ë‹¬ ë™ì•ˆ&quot; ìŠ¤ë¬¼ì•„í™‰ ìµœìš°ì‹Xê¹€ë‹¤ë¯¸, ì²«ì‚¬ë‘ ì†Œí™˜ ë¡œë§¨ìŠ¤ &#39;ê·¸í•´ ìš°ë¦¬ëŠ”&#39; D-7! 12ì›” 6ì¼ ì²« ë°©ì†¡ğŸ’š #ê·¸í•´ìš°ë¦¬ëŠ” #SBSCatch","[ìŠ¤ë¸ŒìŠ¤ìºì¹˜] êµ¬ë…í•˜ê¸°â–·https://goo.gl/bnT3WD ã€ˆê·¸ í•´ ìš°ë¦¬ëŠ”ã€‰ 1íšŒ ì˜ˆê³ ì…ë‹ˆë‹¤. #ê·¸í•´ìš°ë¦¬ëŠ” #SBSCatch ìŠ¤ë¸ŒìŠ¤ìºì¹˜ í˜ì´ìŠ¤ë¶ ..."
"ì—°ì¤€ (YEONJUN) â€˜GGUMâ€™ Official Teaser","ì—°ì¤€ (YEONJUN) 'GGUM' Official Teaser Credits: Directed by 2eehyein (2eehyein film) Assistant Director : Minhee Lee, Youngmin ..."
"[12íšŒ ì˜ˆê³ ] &quot;ìš°ë¦¬ í—¤ì–´ì ¸ ì§€ë‚¼ ìˆ˜ ìˆì„ê¹Œìš”?&quot; ì•ˆíš¨ì„­â™¥ê¹€ì„¸ì • ì• í‹‹í•œ í¬ì˜¹ì˜ ì˜ë¯¸ëŠ”? #ì‚¬ë‚´ë§ì„  #SBSCatch","[ìŠ¤ë¸ŒìŠ¤ìºì¹˜] êµ¬ë…í•˜ê¸°â–·https://goo.gl/bnT3WD ã€ˆì‚¬ë‚´ë§ì„ ã€‰ 12íšŒ ì˜ˆê³ ì…ë‹ˆë‹¤. #ì‚¬ë‚´ë§ì„  #SBSCatch ìŠ¤ë¸ŒìŠ¤ìºì¹˜ í˜ì´ìŠ¤ë¶ ..."
"Salvou a vida dele por um bom preÃ§o â€¦","shorts #shortfeed #filmeseseries #shortfilm #filmclip #filmes #short Filme: A MÃºmia ğŸ“½ï¸ TÃ­tulo original: The Mummy â­ï¸ Nota ..."
"[í‹°ì €2] ìµœìš°ì‹Xê¹€ë‹¤ë¯¸, 10ë…„ ë§Œì— ì¬íšŒí•œ í—¤ì–´ì§„ X!! ì²«ì‚¬ë‘ ì—­ì£¼í–‰ ë¡œë§¨ìŠ¤ &#39;ê·¸ í•´ ìš°ë¦¬ëŠ”&#39; 12ì›” 6ì¼ ì²« ë°©ì†¡ğŸ’› #ê·¸í•´ìš°ë¦¬ëŠ” #SBSCatch","[ìŠ¤ë¸ŒìŠ¤ìºì¹˜] êµ¬ë…í•˜ê¸°â–·https://goo.gl/bnT3WD í•¨ê»˜í•´ì„œ ë”ëŸ¬ì› ê³  ë‹¤ì‹  ë³´ì§€ ë§ì!ë¡œ ëë‚¬ì–´ì•¼ í•  ì¸ì—°ì´ 10ë…„ì´ í˜ëŸ¬ ì¹´ë©”ë¼ ì•ì— ..."
"[ìŠ¤í˜ì…œ ì„ ê³µê°œ] ì†Œê¿‰ë†€ì´í•˜ë˜ ì‹œì ˆ, ë°°ì„ë¥˜ê°€ ìµœìŠ¹íš¨ì—ê²Œ ë‚´ê±´ ì•½ì†â™¥ #ì—„ë§ˆì¹œêµ¬ì•„ë“¤ EP.11","í‹°ë¹™ì—ì„œ ìŠ¤íŠ¸ë¦¬ë° : https://tving.onelink.me/xHqC/30a78d6f ì˜¤ë¥˜ ë‚œ ì¸ìƒì„ ì¬ë¶€íŒ… í•˜ë ¤ëŠ” ì—¬ìì™€ ê·¸ì˜ ì‚´ì•„ìˆëŠ” í‘ì—­ì‚¬ì¸ 'ì—„ë§ˆì¹œêµ¬ ..."
"[7íšŒ ì˜ˆê³ ] &quot;ì¢‹ì•„ì„œìš”..ğŸ’œ&quot; ìµœìš°ì‹ì—ê²Œ ì§ì§„í•˜ëŠ” ë…¸ì •ì˜! ê¹€ë‹¤ë¯¸ ì‹¬ê²½ ë³€í™” ì˜¬ê¹Œ? #ê·¸í•´ìš°ë¦¬ëŠ” #SBSCatch","[ìŠ¤ë¸ŒìŠ¤ìºì¹˜] êµ¬ë…í•˜ê¸°â–·https://goo.gl/bnT3WD ã€ˆê·¸ í•´ ìš°ë¦¬ëŠ”ã€‰ 7íšŒ ì˜ˆê³ ì…ë‹ˆë‹¤. #ê·¸í•´ìš°ë¦¬ëŠ” #SBSCatch ìŠ¤ë¸ŒìŠ¤ìºì¹˜ í˜ì´ìŠ¤ë¶ ..."
"[í‹°ì €3] ìµœìš°ì‹â¤ê¹€ë‹¤ë¯¸, ì´ë³„ í›„ ì¬íšŒë¡œ ë” ì„¤ë ˆëŠ” ì²«ì‚¬ë‘ ì—­ì£¼í–‰ ë¡œë§¨ìŠ¤ &#39;ê·¸ í•´ ìš°ë¦¬ëŠ”&#39; 12ì›” 6ì¼ ì²« ë°©ì†¡ğŸ’™ #ê·¸í•´ìš°ë¦¬ëŠ” #SBSCatch","[ìŠ¤ë¸ŒìŠ¤ìºì¹˜] êµ¬ë…í•˜ê¸°â–·https://goo.gl/bnT3WD í•¨ê»˜í•´ì„œ ë”ëŸ¬ì› ê³  ë‹¤ì‹  ë³´ì§€ ë§ì!ë¡œ ëë‚¬ì–´ì•¼ í•  ì¸ì—°ì´ 10ë…„ì´ í˜ëŸ¬ ì¹´ë©”ë¼ ì•ì— ..."
"[11íšŒ ì˜ˆê³ ] &quot;ì‚¬í‘œ ë‚´ê³  ë– ë‚˜ìš”&quot; ì•ˆíš¨ì„­ê³¼ í—¤ì–´ì§€ë¼ëŠ” ë§ì— ê¹€ì„¸ì • ë©˜ë¶•ğŸ˜¥ #ì‚¬ë‚´ë§ì„  #SBSCatch","[ìŠ¤ë¸ŒìŠ¤ìºì¹˜] êµ¬ë…í•˜ê¸°â–·https://goo.gl/bnT3WD ã€ˆì‚¬ë‚´ë§ì„ ã€‰ 11íšŒ ì˜ˆê³ ì…ë‹ˆë‹¤. #ì‚¬ë‚´ë§ì„  #SBSCatch ìŠ¤ë¸ŒìŠ¤ìºì¹˜ í˜ì´ìŠ¤ë¶ ..."
"ã‚¸ãƒ–ãƒªãƒ¡ãƒ‰ãƒ¬ãƒ¼ãƒ”ã‚¢ãƒğŸ”±ã‚¸ãƒ–ãƒªã®ãƒ™ã‚¹ãƒˆãƒ”ã‚¢ãƒæ›²ğŸ”±ãƒ™ã‚¹ãƒˆã‚¸ãƒ–ãƒªã‚³ãƒ¬ã‚¯ã‚·ãƒ§ãƒ³ğŸ”±åƒã¨åƒå°‹ã®ç¥éš ã—, å´–ã®ä¸Šã®ãƒãƒ‹ãƒ§, ãƒ«ãƒ¼ã‚¸ãƒ¥ã®ä¼è¨€, ä¸–ç•Œã®ç´„æŸ, ã¨ãªã‚Šã®ãƒˆãƒˆãƒ­","ç¾ã—ã„2æ™‚é–“ã®ã‚¹ã‚¿ã‚¸ã‚ªã‚¸ãƒ–ãƒªéŸ³æ¥½ ã‚¸ãƒ–ãƒªå²ä¸Šæœ€é«˜ã®ãƒªãƒ©ãƒƒã‚¯ã‚¹ BGM https://youtube.com/live/gZSQ8aLErIA ..."
"ì¶”ì„ ì—°íœ´ ë§ˆì§€ë§‰ ë‚ , ì•„ì§ë„ ì¶œë²” ëª»í•œ ì—¬Â·ì•¼Â·ì˜Â·ì • í˜‘ì˜ì²´ (20240918 ìˆ˜ìš”ì¼ ë°©ì†¡) ë°•ì§„ì˜ ê°•ìˆ˜ì˜","ë”ì°©í•œë³´í—˜ âœ¨ ë¯¿ì„ ìˆ˜ ìˆë‹¤! ë”ì°©í•œë³´í—˜ ì˜ˆì•½ í›„ ì „êµ­ ë¬´ë£Œ ë°©ë¬¸ìƒë‹´ ê°€ëŠ¥ ëŒ€í‘œë²ˆí˜¸ 1644-1236 / 010-7612-3303 #ëª¨ì…˜ì˜ì› ..."
"UNEXPECTED! ğŸ’€","Expect The Unexpected.. Today we're going to be looking at videos with an outcome, that you'd never expect... Hit the like button ..."
"[24.09.18] ì„±ì œì¤€ ì¡°ìƒê·œ ë³€í˜¸ì‚¬ ì¶œì—°",""
"LG í“¨ë¦¬ì¼€ì–´ ì˜¤ë¸Œì œì»¬ë ‰ì…˜ : 2022 ì •ìˆ˜ê¸°ëŠ¥ë ¥í‰ê°€ ë§í•˜ê¸°ì˜ì—­ ê°€í˜• í¸","LGì „ì ê³µì‹ í™ˆí˜ì´ì§€ë¥¼ í†µí•´ '2022 ì •ìˆ˜ê¸° ëŠ¥ë ¥í‰ê°€' ì´ë²¤íŠ¸ì— ì°¸ì—¬ í•´ì£¼ì„¸ìš”! â–·ì´ë²¤íŠ¸ ìì„¸íˆ ë³´ê¸°: https://bit.ly/3wDCOOj 2022 ..."
"The Sage ğŸ˜ #prom #promdress #formal #formaldress #dress #dresses #promdressshopping",""
"Yâ€™all made me do it ğŸ¤ğŸ§¸ğŸ» #millennials #nostalgia #2000s",""
"[1ì°¨ í‹°ì €] SBS ìƒˆ ê¸ˆí† ë“œë¼ë§ˆ &#39;ì™œ ì˜¤ìˆ˜ì¬ì¸ê°€&#39; ìˆ¨ë© ìœ ë°œ ì•„ì°”í•œ í‹°ì € ê³µê°œ! #ì™œì˜¤ìˆ˜ì¬ì¸ê°€ #SBSCatch","[ìŠ¤ë¸ŒìŠ¤ìºì¹˜] êµ¬ë…í•˜ê¸°â–·https://goo.gl/bnT3WD 'ì‚´ê¸° ìœ„í•´, ê°€ì¥ ìœ„ì—ì„œ, ë” ë…í•˜ê²Œ' ì„±ê³µë§Œì„ ì¢‡ë‹¤ ì†ì´ í…… ë¹„ì–´ë²„ë¦° ì°¨ê°€ìš´ ë³€í˜¸ì‚¬ ..."
"ê°‘ìˆœì´ íŠ¸ë¼ìš°ë§ˆ","ì§„ë—ê°œ #ì‚¼ìš©ì´ #ê°‘ìˆœì´ Music provided by ë¸Œê¸ˆëŒ€í†µë ¹ Track : ì˜¤ì˜ˆ ë´„ì´ë‹¤!! - https://youtu.be/v6WhPBtAmJg."
"í˜ì´ ë°˜ëŒ€ì¸ ì„¸ìƒ","ë¡œë¸”ë¡ìŠ¤ #ë¡œë¸”ê³„."
"ÃšLTIMA HORA | Rusia identifica a cuatro mercenarios franceses a sueldo de las FF AA de Ucrania","ÃšLTIMA HORA | Rusia identifica a cuatro mercenarios franceses a sueldo de las FF AA de Ucrania Las autoridades de la regiÃ³n ..."
"[ìŠ¤í˜ì…œ í‹°ì €] 2022ë…„ SBS ìƒˆ ì›”í™” ë“œë¼ë§ˆ &#39;ì‚¬ë‚´ë§ì„ &#39; ì•ˆíš¨ì„­Xê¹€ì„¸ì • ë²”ìƒì¹˜ ì•Šì€ ë¡œì½” 2ì›” ì²« ë°©ì†¡ğŸ’› #SBSCatch","[ìŠ¤ë¸ŒìŠ¤ìºì¹˜] êµ¬ë…í•˜ê¸°â–·https://goo.gl/bnT3WD â€œë¶€ìºì˜ ì •ì²´ê°€ ë°œê°ë˜ë©´ ë³¸ìºëŠ” í•´ê³ ?â€ ì–¼êµ´ ì²œì¬ ëŠ¥ë ¥ë‚¨ CEOì™€ ì •ì²´ë¥¼ ì†ì¸ ë§ì„ ë…€ ..."
"[9íšŒ ì˜ˆê³ ] &quot;ê·¸ë ‡ë‹¤ê³  í•™ìƒ ì§‘ì— ì‚´ì•„?&quot; ì„œí˜„ì§„Xí™©ì¸ì—½ ë™ê±° ì‹œì‘! #ì™œì˜¤ìˆ˜ì¬ì¸ê°€ #SBSCatch","[ìŠ¤ë¸ŒìŠ¤ìºì¹˜] êµ¬ë…í•˜ê¸°â–·https://goo.gl/bnT3WD ã€ˆì™œ ì˜¤ìˆ˜ì¬ì¸ê°€ã€‰ 9íšŒ ì˜ˆê³ ì…ë‹ˆë‹¤. #ì™œì˜¤ìˆ˜ì¬ì¸ê°€ #SBSCatch ìŠ¤ë¸ŒìŠ¤ìºì¹˜ í˜ì´ìŠ¤ë¶ ..."
"Behind the scenes of Beckhamâ€™s UCL Today surprise! ğŸ”¥","Stream every UEFA Champions League match live on Paramount+: http://bit.ly/UCLonParamount Watch all the extended ..."
"LAS NUEVAS MITICAS DE IRON MAN â¤ï¸â€ğŸ”¥ #fortnite","CÃ³digo de Creador en Fortnite/Epic: HIPER-YOUTUBE Hazte miembro del canal: https://www.youtube.com/c/hiperop/join ..."
"Parents when its REPORT CARD day be likeâ€¦ğŸ˜±ğŸ˜± #adoptme #roblox #robloxshorts","Parents when its REPORT CARD day be likeâ€¦     In Adopt Me Roblox #adoptme #roblox #robloxshorts #adoptmeroblox ..."
"íŒ€ì¥ë‹˜ì´ ë¶€ë¦…ë‹ˆë‹¤ - ì§‘ì— ê°€ì§€ë§ˆ~ğŸ¶ã…£[í‚¤ìŠ¤ ì‹ìŠ¤ ì„¼ìŠ¤] #7í™” ì˜ˆê³ í¸ã…£ë””ì¦ˆë‹ˆ+","ë¯¼í›„ì™€ ì˜ˆìˆ ì€ ë°ì´íŠ¸ ì¤‘! í›„í›—....ë°©í•´í•˜ì§€ ë§ìêµ¬ìš”   ì´ˆê°ê° ë¡œë§¨í‹± ì½”ë¯¸ë”” [í‚¤ìŠ¤ ì‹ìŠ¤ ì„¼ìŠ¤] ë””ì¦ˆë‹ˆ+ì—ì„œ ì§€ê¸ˆ ìŠ¤íŠ¸ë¦¬ë° ì¤‘ â € #í‚¤ìŠ¤ ..."
"ì¶”ì„ì´ë‹ˆê¹Œ ë‹¤ì´ì–´íŠ¸ ìê·¹ğŸ˜œ #Crazy #ë¦´ë ˆì´ëŒ„ìŠ¤ #RelayDance",""
"Easy Landscape Drawing in Procreate #Short","Procreate Short Tutorial! In this easy short Procreate tutorial, I will show you how you can draw a stylized landscape on your iPad."
"Make a 3D Letter in PROCREATE #Shorts - Quick Procreate Tutorial","Procreate Short Tutorial! In this short video I will show you how you can easily create this 3D letter effect in Procreate. Want more ..."
"LG í“¨ë¦¬ì¼€ì–´ ì˜¤ë¸Œì œì»¬ë ‰ì…˜ : 2022 ì •ìˆ˜ê¸°ëŠ¥ë ¥í‰ê°€ ë””ìì¸ ì˜ì—­ í¸","2022 ì •ìˆ˜ê¸° ëŠ¥ë ¥ í‰ê°€ ë””ìì¸ì˜ì—­ ê¸°ë‹¤ë¦¬ë˜ í“¨ë¦¬ì¼€ì–´ê°€ ë„ì°©í–ˆëŠ”ë° ì •ìˆ˜ê¸°ë¥¼ ì„¸ë¡œë¡œ ë‘ê¸° ì• ë§¤í•˜ë‹¤ ì´ë•Œ, ë°”ê¿”ì•¼ í•  ê²ƒì€?"
"Â¿STEVE es el MALO?",""
"Kai Cenat &amp; Ray Motivation","Kai Cenat & Ray Motivation FOLLOW ME ON TWITCH: https://www.twitch.tv/kaicenat Follow My Socials: Main Channel: ..."
"Had fun making this #school #relatable #love #couple #shorts",""
"LG í“¨ë¦¬ì¼€ì–´ ì˜¤ë¸Œì œì»¬ë ‰ì…˜ : 2022 ì •ìˆ˜ê¸°ëŠ¥ë ¥í‰ê°€ ë””ìì¸ ì˜ì—­ í¸","2022 ì •ìˆ˜ê¸° ëŠ¥ë ¥ í‰ê°€ ë””ìì¸ì˜ì—­ ê¸°ë‹¤ë¦¬ë˜ í“¨ë¦¬ì¼€ì–´ê°€ ë„ì°©í–ˆëŠ”ë° ì •ìˆ˜ê¸°ë¥¼ ì„¸ë¡œë¡œ ë‘ê¸° ì• ë§¤í•˜ë‹¤ ì´ë•Œ, ë°”ê¿”ì•¼ í•  ê²ƒì€?"
"Kai Cenat &amp; Ray Motivation","Kai Cenat & Ray Motivation FOLLOW ME ON TWITCH: https://www.twitch.tv/kaicenat Follow My Socials: Main Channel: ..."
"Poppy Playtime Catnap Transformation [Part 2]","poppyplaytimechapter1 #poppyplaytimechapter2 #poppyplaytimechapter3 #catnap #dogday #transformation #animation ..."
"[5íšŒ ì˜ˆê³ ] &quot;íšŒì¥ë‹˜ ì˜¤ì‹œë¼ê³  í•´&quot; ì„œí˜„ì§„, í—ˆì¤€í˜¸ì—ê²Œ ë…ê¸° í’ˆê³  ê·¸ë¦¬ëŠ” ë¹…í”½ì²˜! #ì™œì˜¤ìˆ˜ì¬ì¸ê°€ #SBSCatch","[ìŠ¤ë¸ŒìŠ¤ìºì¹˜] êµ¬ë…í•˜ê¸°â–·https://goo.gl/bnT3WD ã€ˆì™œ ì˜¤ìˆ˜ì¬ì¸ê°€ã€‰ 5íšŒ ì˜ˆê³ ì…ë‹ˆë‹¤. #ì™œì˜¤ìˆ˜ì¬ì¸ê°€ #SBSCatch ìŠ¤ë¸ŒìŠ¤ìºì¹˜ í˜ì´ìŠ¤ë¶ ..."
"My Hero REVERSED!?ğŸ¤¯ğŸ’€ | My Hero Academia Abridged #shorts","CAST: Mackinmeat: Rick and Morty YouTubeâ–» @Mackinmeat Twitterâ–» @mackinmeat Aaron: Deku Jaeger: Baku Daringashia ..."
"ğŸ”´2024-09-18ï¼ç›´æ’­äº†ï¼æ—¥æ›´èŠå¤©å®¤ï¼ï½œ#æ—¥æ›´é »é“  #ä½•å¤ª #ä½•ä¼¯ #æ±å¼µè¥¿æœ›","è¨‚é–±æˆ‘åœ°æ–°é »é“æ—¥æ›´TV https://www.youtube.com/channel/UCiHvRWHsN41LxpwBYv2DjXg åšå€‹æœƒå“¡æ”¯æŒä¸€ä¸‹æˆ‘é »é“å•¦ï¼ ç­‰æˆ‘åœ°æœ‰ ..."
"ì—°ë ¹ë³„ ì¶”ì„ì„ ëŒ€í•˜ëŠ” ìì„¸","shorts."
"[7íšŒ ì˜ˆê³ ] &quot;ìì‚´ì²˜ëŸ¼ ë³´ì´ëŠ” íƒ€ì‚´ì´ë¼ë©´..&quot; ì„œí˜„ì§„, í˜•ì‚¬ë“¤ì— ì˜í•´ ì—°í–‰! #ì™œì˜¤ìˆ˜ì¬ì¸ê°€ #SBSCatch","[ìŠ¤ë¸ŒìŠ¤ìºì¹˜] êµ¬ë…í•˜ê¸°â–·https://goo.gl/bnT3WD ã€ˆì™œ ì˜¤ìˆ˜ì¬ì¸ê°€ã€‰ 7íšŒ ì˜ˆê³ ì…ë‹ˆë‹¤. #ì™œì˜¤ìˆ˜ì¬ì¸ê°€ #SBSCatch ìŠ¤ë¸ŒìŠ¤ìºì¹˜ í˜ì´ìŠ¤ë¶ ..."
"Some of the best quality meat Iâ€™ve ever had at a Mexican spot.",""
"One of the most underrated speed boots right now","PUMA Ultra 1.4 Instinct - potentially the most underrated speed boot at the moment in awesome new colours. See what they look ..."
"Girl mathing this one â˜ºï¸ @princessameliawu #sofimanassyan #food #relatable",""
"ê°€ì„ ì˜¤ë‚˜ í–ˆëŠ”ë° ë‹¤ì‹œ â€˜í•œì—¬ë¦„â€™..ê¸°í›„ìœ„ê¸° ëŒ€ì±…ì€? - [í•«ì´ìŠˆPLAY] MBCë‰´ìŠ¤ 2024ë…„ 9ì›” 18ì¼","ê°€ì„ ì˜¤ë‚˜ í–ˆëŠ”ë° ë‹¤ì‹œ 'í•œì—¬ë¦„ ë”ìœ„'â€¥ì„œìš¸ì—” ì‚¬ìƒ ì²« '9ì›” í­ì—¼ê²½ë³´' (2024.09.10./ë‰´ìŠ¤ë°ìŠ¤í¬/MBC) [ê¸°í›„í™˜ê²½ ë¦¬í¬íŠ¸] ì—´ëŒ€ì•¼ ì›ì¡°ë„ ..."
"Does Batista Get Recognized For Movies Or Wrestling?","WWE Legend & Hollywood superstar Dave Bautista explains why he thinks he's still recognized more as a wrestler than an actor ..."
"[8íšŒ ì˜ˆê³ ] &quot;ë¬´ì£„ë€ ì¦ê±° ì°¾ì•„ì•¼ ë¼ìš”&quot; êµ¬ì¹˜ì†Œì— ìˆ˜ê°ëœ ìœ„ê¸°ì˜ ì„œí˜„ì§„, ë‹¤ì‹œ í—ˆì¤€í˜¸ì—ê²Œ ë³µìˆ˜í•  ìˆ˜ ìˆì„ê¹Œ? #ì™œì˜¤ìˆ˜ì¬ì¸ê°€ #SBSCatch","[ìŠ¤ë¸ŒìŠ¤ìºì¹˜] êµ¬ë…í•˜ê¸°â–·https://goo.gl/bnT3WD ã€ˆì™œ ì˜¤ìˆ˜ì¬ì¸ê°€ã€‰ 8íšŒ ì˜ˆê³ ì…ë‹ˆë‹¤. #ì™œì˜¤ìˆ˜ì¬ì¸ê°€ #SBSCatch ìŠ¤ë¸ŒìŠ¤ìºì¹˜ í˜ì´ìŠ¤ë¶ ..."
"There Should Be CONSEQUENCES for BREAKING INTO America ğŸ‘€ğŸ”¥","shorts #2024 #charliekirk."
"Girls VS Guys: Comforting Friends @davidmatthew_ #shortsfeed","Join the âœ¨MOOCHIS MEMBERSHIPâœ¨ to get access to perks: ..."
"Congratulations to our very own Kate AÌ¶bÌ¶dÌ¶oÌ¶ Scott on her wedding ğŸ‘°","Stream every UEFA Champions League match live on Paramount+: http://bit.ly/UCLonParamount Watch all the extended ..."
"Roblox Just Made Everyone Happy","roblox is improving performance and fixing lag YOUTUBE MEMBER - https://www.youtube.com/kreekcraft/join ..."
"iShowSpeed Makes a Fan FOLD","iShowSpeed Makes a Fan FOLD JOIN!- https://www.youtube.com/channel/UC2bW_AY9BlbYLGJSXAbjS4Q?sub_confirmation=1 ..."
"à°…à°¨à±à°¨à°¦à°®à±à°®à±à°² à°…à°¨à±à°¬à°‚à°§à°‚ â¤ï¸ | Part-93 #emotional #ytshortsindia #wonderingminds #shorts #brothers #love","à°…à°¨à±à°¨à°¦à°®à±à°®à±à°² à°…à°¨à±à°¬à°‚à°§à°‚ â¤ï¸ | Part-93 #emotional #ytshortsindia #wonderingminds #shorts #brothers #love ..."
"How to make Caramel Fudge Crunch Bars! Recipe #Shorts","How to make Caramel Fudge Crunch Bars! Want to make simple recipes? My new shorts series takes you through some simple, ..."
"ì† ë†“ì„ ìˆ˜ ìˆì„ê¹Œâ‰ï¸ğŸ˜± Partner Challenge","URE - Life is a challenge ìˆ˜ì—… ì•ˆë‚´ Class Information https://1llusion.modoo.at/ ì˜¨ë¼ì¸ í´ë˜ìŠ¤ Online Class ..."
"Weird ways to play the bass...","bass #bassguitar #korn."
"Top 1 Grandmaster Push mein Heart Attack Aagaya ğŸ¥º #shorts #freefire #tondegamer","Live Channel :- https://www.youtube.com/@TondeisLive02 X Link ( Twitter ) https://x.com/TondeGamer Instagram: ..."
"ì¶”ì„ ì—°íœ´ ë§ˆë¬´ë¦¬ ì¥ê¸°","ëŒ€í•œì¥ê¸° ì—°ë§¹ ì†Œì†ì˜ í”„ë¡œ9ë‹¨ ë°•ì˜ì™„ì…ë‹ˆë‹¤. ë§ì€ ì¥ê¸°ì¸ë“¤ì˜ ê¸°ë ¥í–¥ìƒì„ ì‘ì›í•©ë‹ˆë‹¤. #ì¥ê¸° #ì‹¤ì‹œê°„ #ê²Œì„ í›„ì› ì¹´ì¹´ì˜¤ë±…í¬ ..."
"Iphone16 à¤•à¥€ BookingğŸ˜‚ II #sevengers #shorts","Love You All Youtube Familyâ¤ï¸ Keep Supporting   Like,Comments,Share & Subscribe â¡ï¸Sevengers For daily routine ..."
"ê¹€ìš´ì„ tv ë¼ì´ë¸Œ ë°©ì†¡ ì¡°êµ­ ëŒ€í‘œ ì´í•´ë¯¼ ì°¨ê·œê·¼ ì˜ì›ë‹˜ ë¥˜ì œì„±í›„ë³´ ë…¸í¬ë™ í„°ë¯¸ë„","ë¶€ì‚° ê¸ˆì •êµ¬ ë¥˜ì œì„± ì…ë‹ˆë‹¤ ìŠ¤í¬ì›ì—ì„œ ì‚¬ì§ê¹Œì§€ í’€ #ì´í•´ë¯¼ì˜ì› #ì°¨ê·œê·¼ ì˜ì› #ë¥˜ì œì„± í›„ë³´ë‹˜ í’€ì˜ìƒ ìœ¼ë¡œ ì±„ë„ì— ê°€ì…í•˜ì—¬ í˜œíƒì„ ..."
"When PM Modi asked for a Kurta from a Didi in Odisha | #shorts","Prime Minister Narendra Modi, during his interaction with beneficiaries of PM Awas Yojana-Urban and PM SVANidhi scheme in ..."
"ìš”ì¦˜ ë„ê°€ ì§€ë‚˜ì¹œ í•œêµ­ì–´ ì§€ìš°ê¸°",""
"ë‹¹ì‚¬ëª¨TV","í•˜ìˆ˜ì²´ë„ë‹¹ì‚¬ëª¨TVì…ë‹ˆë‹¤#ìˆ˜ì§€ê°€ë†’ìœ¼ì‹ ë¶„ë“¤ì€#ì˜ìƒì´#ë§ì§€ì•ˆì„ìˆ˜ìˆìŠµë‹ˆë‹¤#ê³ ìˆ˜ì²´ë„ì„#ì´ìš©ë¶€íƒë“œë¦½ë‹ˆë‹¤."
"When your Friends Invite you to a RANDOM Party ğŸ˜­ #Shorts #comedy #pdiddy",""
"ãã†ã  ç„¼ãè±š ä½œã‚ã† with åµã‹ã‘ã”é£¯ã€ASMRã€‘ #shorts","ã‘ã‚“ãŸé£Ÿå ‚ãŒæœ¬ã«ï¼ äºˆç´„å—ä»˜ä¸­ â†’ https://amzn.to/4fE8c3U #ã‘ã‚“ãŸé£Ÿå ‚ #ã†ã¡ã‚ã—é“ #asmr #ç„¼è±š #åµã‹ã‘ã”é£¯ ç‚­ç«ã®åŠ›ã¯æƒ³åƒã‚’ ..."
"ë©”ê°€ê²Œì„TV | ìˆí¼ë°©ì†¡ | ì›”ê´‘ë³´í•© | ê³ ì „ê²Œì„ | Retro Game | Arcade","This stream is created with #PRISMLiveStudio."
"LG í“¨ë¦¬ì¼€ì–´ ì˜¤ë¸Œì œì»¬ë ‰ì…˜ : 2022 ì •ìˆ˜ê¸°ëŠ¥ë ¥í‰ê°€ ë§í•˜ê¸°ì˜ì—­ ë‚˜í˜• í¸","2022 ì •ìˆ˜ê¸° ëŠ¥ë ¥ í‰ê°€ ë§í•˜ê¸° ì˜ì—­ [ë‚˜í˜•] ë§¤ìš´ ì–‘ë…ì¹˜í‚¨ì„ ë¨¹ëŠ”ë° ë‚¨í¸ì´ ì–‘ë… ë¬»ì€ ì†ìœ¼ë¡œ ì •ìˆ˜ê¸° ë²„íŠ¼ì„ ëˆ„ë¥´ë ¤ê³  í•©ë‹ˆë‹¤. ì´ë•Œ ..."
"How to make Salted Caramel Twix Brownies! Recipe #Shorts","How to make Salted Caramel Twix Brownies! Want to make simple recipes? My new shorts series takes you through some simple, ..."
